dataset,series_length,n_instances,n_classes,log_series_length,log_n_instances,class_centroid_distance,normalized_centroid_separation,variance,mean_abs_diff,mean_abs_second_diff,spectral_entropy,spectral_centroid,low_freq_energy_ratio,spike_ratio,zero_crossing_rate,acf_lag1,acf_lag5,acf_lag10,skewness,kurtosis,cluster,pca1,pca2
ACSF1,1460,200,10,7.2868764117507,5.303304908059076,11.608600311088455,1.0342918493987006,1.0000000125169757,1.1603036788105965,2.111698042154312,1.3344017298147082,0.3311580622087847,0.0320826669769516,0.0027808219178082,0.5060623714873201,-0.2003157742507622,-0.2013780923429125,-0.4485208942584801,1.4724724905774929,3.9628755497932433,0,10.771607338796011,-2.1891601448978806
Adiac,176,781,37,5.176149732573829,6.661854740545311,1.9946571323469156,2.384068796356243,0.9999999765702612,0.0709724500489143,0.0120542082224856,0.1262536038729277,0.0117052724198138,0.9997595061718578,1.4550110580840416e-05,0.0229156758734223,0.9969688519764076,0.9261567912796632,0.7131116222540256,0.2049218017402821,-1.26757878591706,3,-2.1988940813358497,-0.8272118807787953
AllGestureWiimoteX,500,1000,10,6.2166061010848646,6.90875477931522,3.433780360679921,0.4253459551854442,1.0000000169873238,0.1084679829217493,0.1334017631374299,3.27805324614048,0.0398908690569434,0.9360480561647564,0.047682,0.3873106212424849,0.9398311112991165,0.4453326218053295,0.1113923048647022,-0.1450263107989449,17.414752189397813,3,1.2442165868222894,0.8581732715476035
AllGestureWiimoteY,500,1000,10,6.2166061010848646,6.90875477931522,4.124988241095803,0.5561402822508639,1.000000015795231,0.0816682773530483,0.1029855788648128,3.0631752668619154,0.0285678527625494,0.967828720882535,0.0475,0.3816973947895791,0.967066153383141,0.6621816247771829,0.2562913374300775,1.1558489414141513,15.316666899442671,3,0.7250075203880794,1.2759296079161384
AllGestureWiimoteZ,500,1000,10,6.2166061010848646,6.90875477931522,3.7727856515197167,0.5961915527682626,1.0000000153183937,0.1041144538782537,0.1289250938445329,3.241758828043938,0.0375715925339276,0.9382888320237398,0.051368,0.3465871743486974,0.9447599303519204,0.5087238183976197,0.1332154919902526,-0.2145452840328216,16.585077852249146,3,1.0152646516397439,0.9434902954771618
ArrowHead,251,211,3,5.529429087511423,5.356586274672012,4.53210394297687,1.132981390054102,0.9999999940677842,0.0546048388979728,0.0333965944911913,0.5607820619339061,0.0093278284182449,0.9995461309690612,5.664545609033062e-05,0.0184644549763033,0.9975792794255192,0.9476307665564913,0.7990940165788688,-0.2100108792625756,-1.126581541734849,1,-2.1082532666284304,-0.8027448016221826
BME,128,180,3,4.859812404361672,5.198497031265826,5.847638270798172,1.0418573318394653,0.9999999996688632,0.0689796788617968,0.0613865451887249,1.0816988670163683,0.0157574674068425,0.9896099868747924,0.0008680555555555,0.0209973753280839,0.987804417612154,0.8179888136292435,0.6061156366235555,0.2403502387796632,-1.5330316066741942,1,-1.550717513922393,-0.9411544689979763
Beef,470,60,5,6.154858094016418,4.110873864173311,10.24757083207699,1.4586941412864562,1.000000050663948,0.0370770276524126,0.0224620246638854,1.700174301862717,0.0074955200244266,0.997122271855672,0.0173404255319148,0.021321961620469,0.9978789819749232,0.9599571131130368,0.8745016757184948,-0.1960624968943496,0.6012145121892293,1,-1.9523810436528652,0.4064640273428765
BeetleFly,512,40,2,6.240275845170769,3.713572066704308,10.31975727291248,0.5015808263359063,1.0000000178813937,0.0879892222583293,0.0299722738564014,2.0404370218515395,0.012133871858227,0.999214155972004,0.000244140625,0.0328767123287671,0.995454306429284,0.900911974009683,0.6623983421149793,0.1494665369391441,-0.6859811514616012,1,-1.5656111543748201,0.11876671306443189
BirdChicken,512,40,2,6.240275845170769,3.713572066704308,9.956553347005354,0.5642675276980132,1.0000000178813937,0.0402177484240382,0.0251040537608787,1.1931022718548774,0.0057581579820725,0.9996692791581154,0.005029296875,0.0151663405088062,0.9988675624168591,0.9789986718531442,0.9230955387473138,-0.0039207723457366,-0.5437280386686325,1,-2.159818148560981,0.09674789536515722
CBF,128,930,3,4.859812404361672,6.836259277277067,7.256496377330777,0.9257004707455564,1.00000002082958,0.4940597497968264,0.8533266709696862,2.044855148561539,0.0634422348273322,0.82271400959261,0.0058299731182795,0.1315976631953264,0.7892029638543233,0.6616021944460186,0.4945250565719399,0.2655698039891919,-0.6350985980802967,2,1.5484876110464134,-1.3977805483842913
Car,577,120,4,6.359573868672378,4.795790545596741,7.357255747789637,1.0661752577505017,1.000000011920929,0.0265858899646749,0.0075479131269579,0.3362431810547908,0.0037664820976465,0.999878138800462,0.0,0.007349537037037,0.9995755589944249,0.9909936700133872,0.9664649000740676,-0.0670932297895584,-1.24839053551356,1,-2.4834783199482953,-0.3000043803618916
Chinatown,24,363,2,3.218875824868201,5.8971538676367405,804.9517090336439,1.2104392132359765,1.0000000126434094,0.2806944317972036,0.2735262887126486,0.4760406442992286,0.0537569373021208,0.9107599173038788,0.0,0.0816864295125164,0.9248269817322388,0.4177122341577898,-0.5790526993276252,0.205668601841145,-1.5661757136836196,2,0.6953286240503348,-2.966709587775666
ChlorineConcentration,166,4307,3,5.117993812416755,8.36822903827628,0.6163513627518032,0.1111481944767317,0.9999999914198096,0.4121586806416539,0.6282885934468181,3.297735124390502,0.088635821455949,0.7484031986312852,0.0322632531519157,0.2000576932548141,0.7861187520954849,0.2692796364896148,0.1685473852205748,1.781087380116241,4.927322636852969,2,2.887966175335138,-0.21235968366778585
CinCECGTorso,1639,1420,4,7.402451520818244,7.259116128097101,6.738567704611843,0.1679580440695159,1.0000000159085636,0.0284391173587875,0.0187075788981582,3.260015144818265,0.0078552168973213,0.9991355854440744,0.0306903041187945,0.0151945863213468,0.9972968727732884,0.9463029963549834,0.8248147103004939,-0.3938560483039317,23.560786064074072,3,-1.3663999373917994,1.7879318837003149
Coffee,286,56,2,5.659482215759621,4.04305126783455,1.736332536706389,1.3194279366481445,1.0000000298023224,0.0602996254871998,0.038104692374223,1.5891993301255365,0.0098248887897197,0.9949834729943956,0.0,0.0155388471177944,0.9961234463815634,0.9336044773177424,0.8196842949948525,-0.3556835454489503,-0.8561167929853711,1,-1.908818889410305,-0.3322212193686636
Computers,720,500,2,6.580639137284949,6.2166061010848646,2.828209292593932,0.1095351050030606,1.0000000265836717,0.1691367692314088,0.3241267376840114,3.071198664426804,0.0436497058404089,0.8871147517943755,0.0333916666666666,0.0630347705146036,0.8640987903537608,0.7427831347674904,0.6183534645228106,3.1654297861475498,18.70038741827011,3,0.49314258516970116,1.8887495498460858
CricketX,300,780,12,5.707110264748875,6.660575149839686,7.483536722019098,0.4596818626456765,0.9999999679051912,0.1878672756541233,0.2587944761300698,2.469508103414988,0.0398608010647262,0.9047136765642044,0.023517094017094,0.0564574221764857,0.8968380734199345,0.6695594458118467,0.4561534838506108,1.0276077320813224,5.074553793057417,2,0.07256965763493228,0.30661613721332437
CricketY,300,780,12,5.707110264748875,6.660575149839686,9.441043790716014,0.6043323038014186,0.999999966376867,0.1732128651955953,0.2309241943538953,2.392719719195977,0.0306724870412865,0.9384531369576088,0.0239487179487179,0.0591501586484864,0.9335231320583462,0.7227221003885513,0.4731812504945549,-0.6986573366764695,2.348061930674773,2,-0.3952524279030372,-0.1427920918636197
CricketZ,300,780,12,5.707110264748875,6.660575149839686,7.494000612157761,0.4603909555638435,0.99999996309097,0.187263429375031,0.2569223665942748,2.4692975479822894,0.0397909892388722,0.9049427434037892,0.0233888888888888,0.0556298773690077,0.8971964453523499,0.669109120003161,0.4557991966042765,1.024582793028094,5.060727896598669,2,0.06616965938248963,0.304058822563963
Crop,46,24000,24,3.8501476017100575,10.085850775128716,1.669322892457498,2.4971558893034724,1.0000000046690305,0.3749896400983756,0.453838792414094,1.563388284958899,0.0758379131846412,0.8052641122999291,0.0104701086956521,0.1414009259259259,0.8243584608365326,0.3237860554402947,-0.1176426545240132,-0.0211274790074982,-0.2040455549508333,2,1.7018993916989946,-2.2684758607432007
DiatomSizeReduction,345,322,4,5.846438775057724,5.777652323222656,3.385728113594769,1.5436575181800658,1.000000064047227,0.0368944809581182,0.0072909146608779,0.1626265305701805,0.0060470149816032,0.9999397356317652,0.0,0.0117542972699696,0.9991766178395136,0.97996626891518,0.9196404512620674,0.2385998722923245,-1.2596642889591478,1,-2.373675497577776,-0.622718787291109
DistalPhalanxOutlineAgeGroup,80,539,3,4.394449154672439,6.29156913955832,1.751121633194795,1.10847262271566,0.9999999732387308,0.1620619987484917,0.0835941752802463,1.2748885364833258,0.0267801451931074,0.989247809203967,0.0,0.0599798031986097,0.9778991896401992,0.6457645156536698,0.2052078088165834,0.1788119132376098,-1.406341873427269,2,-0.6965193729206098,-1.564563325717245
DistalPhalanxOutlineCorrect,80,876,2,4.394449154672439,6.776506992372183,0.6010870558256902,0.2655618955737732,0.999999974484313,0.1627103381760452,0.0882609471865848,1.2683943855708049,0.026575720520601,0.9888756457529112,0.0,0.0585081787179931,0.9779564713364222,0.6526102455607143,0.2240834589968924,0.176191242030725,-1.382730165028681,2,-0.6822242063361995,-1.6005442741737725
DistalPhalanxTW,80,539,6,4.394449154672439,6.29156913955832,1.742413380497841,1.2476843967372715,0.9999999732387308,0.1620619987484917,0.0835941752802463,1.2748885364833258,0.0267801451931074,0.989247809203967,0.0,0.0599798031986097,0.9778991896401992,0.6457645156536698,0.2052078088165834,0.1788119132376098,-1.406341873427269,2,-0.7135960914933356,-1.5346809613465868
DodgerLoopDay,288,144,7,5.666426688112432,4.976733742420574,99.72599382387249,0.9524556989809908,1.0000000033113692,0.4187222427378098,0.7206857490042845,2.004135268429915,0.0451494862879982,0.8708396467069784,0.0045572916666666,0.150842044134727,0.8424440222279339,0.7953320477212136,0.7316292365885825,0.0782130714002025,-0.781490195956495,2,0.654012933612981,-0.6739228495907871
DodgerLoopGame,288,144,2,5.666426688112432,4.976733742420574,57.61597563842781,0.4620764268313206,1.0000000033113692,0.4187222427378098,0.7206857490042845,2.004135268429915,0.0451494862879982,0.8708396467069784,0.0045572916666666,0.150842044134727,0.8424440222279339,0.7953320477212136,0.7316292365885825,0.0782130714002025,-0.781490195956495,2,0.6872991699690322,-0.7218139051241116
DodgerLoopWeekend,288,144,2,5.666426688112432,4.976733742420574,139.93449671864627,1.268363134347276,1.0000000033113692,0.4187222427378098,0.7206857490042845,2.004135268429915,0.0451494862879982,0.8708396467069784,0.0045572916666666,0.150842044134727,0.8424440222279339,0.7953320477212135,0.7316292365885825,0.0782130714002025,-0.781490195956495,2,0.6722412280128574,-0.7277836214628293
ECG200,96,200,2,4.574710978503383,5.303304908059076,4.682615079619424,0.8169285048630847,1.0,0.2129028292372822,0.2616799029707908,1.6717528462409974,0.0353463248238023,0.9159658572077752,0.0145833333333333,0.0731052631578947,0.94004922560207,0.6981303380826511,0.3636308868857224,-0.1306888283271109,0.3870405179262161,2,-0.21736035896235073,-1.0458693992061328
ECG5000,140,5000,5,4.948759890378168,8.517393171418904,6.879884946230581,0.9466220080420598,0.9999999994516372,0.150562150464952,0.1378647038914263,2.179319893372059,0.0364364186425066,0.9446247464299202,0.0400157142857142,0.0467625899280575,0.952993893060442,0.6117555782833438,0.2831260707533502,-1.6979262679241132,4.890505524206161,2,-0.2692596498165113,-0.7532314602822401
ECGFiveDays,136,884,2,4.919980925828125,6.785587645007929,3.3173596406927133,0.4253090228548971,1.0000000218460463,0.1808227478311612,0.1617846719549792,2.9502002931288462,0.0669639168579544,0.7454606450049046,0.039168552036199,0.0787078934137757,0.8601702339539528,0.1669227158824164,0.0855313765359821,-2.3424007744039512,15.165275192908032,2,1.332230936294179,-0.7352688192360215
EOGHorizontalSignal,1250,724,12,7.131698510466912,6.586171654854675,4729.544859462723,1.739189216982807,1.0000000037870354,0.0114846450504358,0.0117487285481714,1.7726141124634454,0.0034238371981763,0.9985116183428474,0.0246629834254143,0.0031605394813088,0.9993022890400184,0.9890211975442712,0.963251027831292,0.4128290969796108,1.3110185076189305,3,-2.081298572697671,1.1090776802973252
EOGVerticalSignal,1250,724,12,7.131698510466912,6.586171654854675,3699.07346042574,1.051957918627621,1.0000000018111908,0.0130856678462896,0.0138907902976961,1.9060527132360972,0.0038919290916202,0.99855361483703,0.0265270718232044,0.0041403288376557,0.999134823563142,0.9842989671669248,0.9487678363754878,0.6558619774714014,3.3111043276049155,3,-1.975962812058299,1.2810066161177986
Earthquakes,512,461,2,6.240275845170769,6.135564891081739,2.741228014907439,0.1217137260525019,1.0000000142223664,0.7123770514046551,1.3947133265451856,5.1137704673403,0.2401684570916086,0.2302674258737915,0.0355545010845987,0.2710562845171944,0.047563786972223,0.0155496439521439,0.013388914613714,2.083579411863505,3.628104675617756,0,8.095125561517328,0.366836721858545
ElectricDevices,96,16637,7,4.574710978503383,9.719444514843833,2.404933126656817,0.2536865391366111,0.9999999982230028,0.5316621401413443,0.9650568589646508,2.7276968485313287,0.1859252492534709,0.3977240702767309,0.0240058554226523,0.2094810868609282,0.3063152650776697,0.0670795579882218,0.0393344062523499,3.0885608926470702,17.057747723434726,2,5.84368015175274,-0.7666502058990197
EthanolLevel,1751,1004,4,7.468513271496337,6.912742820493176,0.6898864754535142,0.131934665146119,1.0000000274276353,0.0050189234784793,0.0025553262252889,0.4596312516535896,0.0007300448923076,0.9999930643109212,0.0,0.0013397837222538,0.9999679423097448,0.9993445066326156,0.9975147883923065,0.4839577305601887,-1.4194351107000829,1,-2.487402833129191,0.2215179518657181
FaceAll,131,2250,14,4.882801922586371,7.719129840906732,6.842886310021758,0.7513557644436764,1.0000000105433997,0.4119124328957663,0.3449914240952995,2.8428070549964906,0.093128302142731,0.6962301674750117,0.0237455470737913,0.1811042735042735,0.8107321157672486,-0.2596514738200738,-0.13760798891787,0.4788466306281625,2.822025870641073,2,3.064405641446992,-1.1153204863790642
FaceFour,350,112,4,5.860786223465865,4.727387818712341,14.364712016737403,1.1284061177699425,1.0000000505575113,0.1844724873080849,0.3194668633597238,2.891828430550439,0.043516695308595,0.9614955527441842,0.0289030612244897,0.0798198935734752,0.930566960342189,0.3830372889610762,-0.2169207837741103,0.4612428104737773,1.6582580081054143,2,0.744363893088254,0.023320655532474074
FacesUCR,131,2250,14,4.882801922586371,7.719129840906732,6.842886310021758,0.7513557644436764,1.0000000120268928,0.4119124321010378,0.344991424108545,2.8428070549964906,0.0931283022459135,0.6962301688724094,0.0237455470737913,0.1811042735042735,0.8107321157289269,-0.2596514738344023,-0.1376079888596666,0.4788466279031321,2.822025898191664,2,3.064405638207774,-1.115320486039311
FiftyWords,270,905,50,5.602118820879701,6.80903930604298,14.413019738284088,1.2818655339516467,1.0000000162019256,0.0663210668966421,0.0160786864737843,1.756020346514428,0.0139643798362911,0.9983307272689778,0.0334438305709023,0.0270903078724147,0.9931321876340938,0.8598419629948915,0.5999435752450614,1.440861385200399,1.8528655525070528,3,-1.4834563368684361,0.985253865746351
Fish,463,350,7,6.139884552226255,5.860786223465865,4.312077660604983,1.0532309331451888,1.000000024352755,0.0310978224660669,0.00459131744025,0.3255031277026449,0.0049563816134694,0.998994015284947,6.170934896636841e-06,0.008930117501546,0.9982257064079164,0.9851865864581792,0.9460905731022574,0.202359035537312,-0.90691842011043,1,-2.398260903621312,-0.39600918796559187
FordA,500,4921,2,6.2166061010848646,8.501470230951002,0.6097156696959571,0.0273016890997593,0.9999999398381892,0.2442793695483598,0.0934968513876254,2.5221639841801022,0.0472444621801403,0.9757264676895404,0.0107827677301361,0.0969604317352445,0.9517505450771746,0.1271874339306994,-0.6053049723222789,0.0066586094435621,-0.1023300817840783,2,1.0591009803200973,-1.0677446075410029
FordB,500,4446,2,6.2166061010848646,8.399984990510696,0.687322749662812,0.0307756971429201,0.9999999396982248,0.2586370282113096,0.1041506067416083,2.733142415374129,0.050396501527718,0.9726848133072572,0.0132631578947368,0.1041281843939791,0.9454616802112384,0.0351321067394358,-0.6169326088492629,-0.0032336190739693,0.0720250551302691,2,1.297101834192244,-0.9998043824609774
FreezerRegularTrain,301,3000,2,5.71042701737487,8.006700845440367,7.0400576074655685,0.9572696050252084,0.999999978641669,0.0228012932740772,0.0442251427359879,1.47747567375501,0.0122980175476455,0.981628680323561,0.000250276854928,0.0063133333333333,0.9823109402105056,0.9103307303032994,0.8160135893912347,-0.7406268410270956,-0.6073871581554413,1,-1.8389738764480865,-0.7464939544116544
FreezerSmallTrain,301,2878,2,5.71042701737487,7.965198290612176,7.063155827456449,0.9621666457890028,0.9999999787096684,0.0227909363360326,0.0441982844071702,1.477514928749156,0.0123040961112137,0.9816050736325496,0.0002308727683261,0.0063006717627982,0.9822925921994208,0.910297716611508,0.8160103299039888,-0.7402852275179856,-0.5953476426914551,1,-1.8400700488534978,-0.7431558380787834
Fungi,201,204,18,5.308267697401205,5.3230099791384085,163.12441372858493,6.781657748604671,1.0000000052592333,0.06789587757678,0.0251641900771681,2.267385179505629,0.0218604316377629,0.996448458994136,0.0422885572139303,0.0151960784313725,0.9833500055341104,0.6805744283109437,0.3078900332344205,3.1280221366414835,10.380290788762707,3,-0.714805689611904,1.319120989340312
GestureMidAirD1,360,338,26,5.8888779583328805,5.82600010738045,966.2410603677,1.6417395113374895,1.0000000081118747,0.0365684681335056,0.0362912620908233,1.8241837592519952,0.012726020380518,0.986469492933454,0.0277038132807363,0.2590529247910864,0.9900513289948306,0.9298059022382418,0.8148846547126585,0.054595067201612,2.150049966115218,3,-1.1366688810905554,0.5620016502096976
GestureMidAirD2,360,338,26,5.8888779583328805,5.82600010738045,792.7343519452735,1.2404984568316328,1.0000000125205024,0.0394380522296714,0.0390240570541316,1.7967098521057672,0.0120815301160767,0.9891087465737698,0.0280900723208415,0.041197606764352,0.9915031584171302,0.9307435820236052,0.8068996526715826,-0.1574234129198325,1.9150123028360173,3,-1.7235220450342883,0.5833598090167037
GestureMidAirD3,360,338,26,5.8888779583328805,5.82600010738045,616.3662015821373,0.7248640446869618,0.9999999966494432,0.0397087750245524,0.0431916652531115,1.883533945450416,0.0128657663246449,0.9863870219718776,0.0301775147928994,0.1815117601490003,0.9902407314791644,0.9262393445485704,0.8039155167697749,0.179947150030763,2.4442152938193824,3,-1.2660179499895523,0.6935153811950944
GesturePebbleZ1,455,304,6,6.1224928095143865,5.720311776607412,87.54811072349986,0.9806101131238614,1.0000000205871309,0.1408788988023604,0.1711957199302943,3.763744667956704,0.0662821214415615,0.7580300339154507,0.0249999999999999,0.2821774287039184,0.8264448546405552,0.4934496884868372,0.393414522340324,3.046172299287527,24.30741868521038,3,1.8532096466178751,1.6598012094574723
GesturePebbleZ2,455,304,6,6.1224928095143865,5.720311776607412,87.54877537258274,0.9806316570058272,1.0000000123522783,0.1407893122614998,0.1710450219382581,3.763907812143627,0.0662792358793498,0.7580125179926032,0.0250216888374783,0.2813731741247391,0.8264550383337206,0.4934951548213964,0.3934149620100793,3.0459998700749376,24.306812114621465,3,1.850889591028244,1.660676567758513
GunPoint,150,200,2,5.017279836814924,5.303304908059076,2.613231036579549,0.4896608729046484,1.000000032186508,0.0371972891129553,0.0146234405064024,0.6906798115372658,0.0094126450555502,0.9989952060580254,3.3333333333333335e-05,0.0137583892617449,0.9964414242296284,0.942391938015026,0.7982079466998826,0.4810427756264107,-1.137748509645462,1,-2.0294112666546624,-0.7811476045620045
GunPointAgeSpan,150,451,2,5.017279836814924,6.113682179832232,1431.48824067743,0.4538951728279899,0.999999994581396,0.0387012632956063,0.0149669916433036,0.725662916105761,0.0095674053002776,0.9986146401671772,0.0001626016260162,0.0144496197860087,0.9963707635371768,0.9390883800256756,0.7933279119950063,0.66926581674869,-0.938915485817683,1,-1.9690901734660395,-0.787675770159115
GunPointMaleVersusFemale,150,451,2,5.017279836814924,6.113682179832232,2389.4971339252106,0.7937624382731199,0.999999994581396,0.0387012632956063,0.0149669916433036,0.725662916105761,0.0095674053002776,0.9986146401671772,0.0001626016260162,0.0144496197860087,0.9963707635371768,0.9390883800256756,0.7933279119950062,0.66926581674869,-0.938915485817683,1,-1.9754374212975745,-0.7901921345597807
GunPointOldVersusYoung,150,451,2,5.017279836814924,6.113682179832232,5513.329640093008,3.016651110456664,0.999999994581396,0.0387012632956063,0.0149669916433036,0.725662916105761,0.0095674053002776,0.9986146401671772,0.0001626016260162,0.0144496197860087,0.9963707635371768,0.9390883800256756,0.7933279119950062,0.66926581674869,-0.938915485817683,1,-2.0169513496418743,-0.8066503183569157
Ham,431,214,2,6.068425588244111,5.3706380281276624,3.5966209294479428,0.4148726487996638,0.9999999802246272,0.1155464432298023,0.0533350441413365,2.9879113224065192,0.0263240529774176,0.985879486966356,0.0391504217533664,0.0438382960226037,0.975690413731984,0.5975409356006993,0.2079186717791473,2.339301407476452,7.072240313079869,3,-0.10994516755700866,1.3025054802839748
HandOutlines,2709,1370,2,7.904703913873747,7.223295679562314,8.977143387745416,0.8294501876006123,1.000000008005295,0.0068096849392678,0.0020399811871377,1.303858729370319,0.0008175499236021,0.9999967753887176,0.0006579851427924,0.0034189047860354,0.99997278999226,0.9993669953650508,0.9974902485279996,-0.7301689460057846,-0.1750814530971276,1,-2.3970546897236953,0.365135281126797
Haptics,1092,463,5,6.996681488176539,6.139884552226255,7.717817621332396,0.529636836702288,1.0000000229149606,0.0330768728862088,0.0284415021826378,1.690059921267738,0.0144146074413893,0.9446239502332124,0.0025989129660835,0.0110366972658685,0.9776788762636852,0.9522221841349648,0.9456444498250804,-0.1585800406162488,4.02918115161665,1,-1.8336891612043298,0.4050297082085808
Herring,512,128,2,6.240275845170769,4.859812404361672,1.203561069487754,0.2606114143070047,1.0000000083819032,0.0328013310499955,0.0095151735295075,0.8617544234730303,0.0047500159427238,0.9998800046741962,0.0,0.0085616438356164,0.9993079671107354,0.9842534253295968,0.9423767903256112,0.2122392256569583,-1.187122141942382,1,-2.2679447061247995,-0.13924794594524909
HouseTwenty,2000,159,2,7.601402334583733,5.075173815233827,14725.145604635554,0.4260443932691488,1.0000000067476955,0.0933510217839067,0.1820355476401512,3.852930853201908,0.0345420382158014,0.909639261428665,0.0416006289308176,0.0302792905886905,0.9009819610509,0.7238409536161914,0.5839006598528474,2.153794491628431,5.65451964492318,3,0.0025711952917015445,2.4598287120531586
InlineSkate,1882,650,7,7.540621528657152,6.478509642208569,9.92076473628346,0.3449577104841937,1.0000000248505518,0.0139020672497841,0.0185750486028309,1.4494916541759784,0.0012948283455181,0.9997550949683556,0.020896754679964,0.0051511062037377,0.999814308034085,0.9986860603608726,0.995402642423612,0.9132178949439324,0.4930711483955383,3,-2.132843252096194,1.1953599225575344
InsectEPGRegularTrain,601,311,3,6.400257445308821,5.7430031878094825,45.08954554186246,26.998455628301627,1.0000000011499288,0.0829774865527245,0.1245999985653008,1.4316019111124263,0.007726149884417,0.9870067361466754,0.0075436972676835,0.0234780278670953,0.9893317764431484,0.9501782698283072,0.9105039842825632,-0.3220149501941056,-0.6656855528760953,1,-2.3136505829973646,-0.22703842500921492
InsectEPGSmallTrain,601,266,3,6.400257445308821,5.58724865840025,45.1918182482568,26.494502573197128,1.0000000008963104,0.0818405255003083,0.122900737288471,1.4175111960647695,0.0076206231378186,0.9871013292244504,0.0077314751104049,0.02296992481203,0.98943387086429,0.9508193816178324,0.9121657965698676,-0.3172651509320209,-0.6624849290776074,1,-2.317729332532997,-0.2074654377356213
InsectWingbeatSound,256,2200,11,5.54907608489522,7.696667081526462,13.795455625458615,1.269801920650807,1.0000000063397667,0.083918463291431,0.0380712126792323,2.365937877514145,0.0238908077772491,0.9927463671565055,0.04384765625,0.0297789661319073,0.9823033860543996,0.6749580846180706,0.2575725391375369,2.9691089535572317,9.602268783287569,3,-0.3823724247005654,1.1517982232172406
ItalyPowerDemand,24,1096,2,3.218875824868201,7.00033446027523,1.931648359999552,1.0624058795009514,0.9999999933651764,0.350473498001042,0.3526221880023061,0.9140942253335548,0.067360951592231,0.9131479705445956,0.000684306569343,0.1255553792446842,0.8885789269763811,0.0016724823956171,-0.1447565572800871,-0.2098881525278849,-1.0507319813227132,2,1.3740915774302755,-3.048500934110686
LargeKitchenAppliances,720,750,3,6.580639137284949,6.621405651764134,3.876642510811894,0.1458838242498548,1.000000020345052,0.0719463348860542,0.1196567129939794,4.169133238633473,0.0557332646150385,0.8503200715730588,0.0263148148148148,0.0180751043115438,0.8589291934848818,0.453048248476207,0.236810054337211,7.316192226856947,67.72434852663676,3,1.5919879873326708,3.836367287990477
Lightning2,637,121,2,6.45833828334479,4.804021044733257,7.80319673386086,0.3807802387321394,1.0000000044334034,0.1443005289790059,0.2183434154745961,3.0499111798183978,0.0424322690789605,0.86030953679203,0.0291526655163018,0.064868236394823,0.8758806752123797,0.6631653085924561,0.5905531765785935,5.031649132159131,55.91942352302804,3,0.8085086497007222,2.976505170536473
Lightning7,319,143,7,5.768320995793772,4.969813299576001,10.328251757418531,0.7893786311185661,1.0000000087531296,0.2017798518071641,0.3285823583707109,2.779297480216393,0.0579455028478129,0.8185691199936234,0.0278843413639651,0.087522540352729,0.8105478174730698,0.6375738493456387,0.5592199752251419,3.838138754759635,31.94072190364757,3,1.0824584585177226,1.7630730747490324
Mallat,1024,2400,8,6.932447891572509,7.783640596221253,11.516304991447162,2.632778670120965,1.0000000041226549,0.0311488797236233,0.0098615903098834,2.081066955924034,0.0048957484072505,0.9981222921361526,0.0004500325520833,0.0080482241772564,0.9975848341160628,0.9714547449584662,0.9213151586843928,0.497900745421648,-1.1692048848668737,1,-1.9664613064610752,0.43997449242390346
Meat,448,120,3,6.107022887742255,4.795790545596741,0.7659860751974245,2.708198079269605,0.9999999831120172,0.0251781562343239,0.0097416856481383,1.6299457639455794,0.0062892023184099,0.9980583409468332,0.0456473214285714,0.0097688292319164,0.9989766705115832,0.978018564710972,0.9171863640510204,1.306861827770869,2.2026648998260496,3,-1.8376352093779762,1.2908079896680915
MedicalImages,99,1141,10,4.605170185988092,7.040536390215956,6.395974743307848,1.2292472575196596,1.0000000414777284,0.134224918422001,0.0805687312165105,2.0446645568380437,0.0447841438865447,0.8898629109447823,0.0389256278826831,0.0461285302902931,0.9395797553965136,0.5137404748805455,0.4063316271127219,2.2765874147397205,6.707330498958658,3,0.11394376224791924,0.2966511400605645
MelbournePedestrian,24,3457,10,3.218875824868201,8.148445666243235,4651.251771466778,3.210671061826217,1.0000000045690571,0.3890660361752953,0.4616724449989249,0.8403927358565111,0.0740194547510093,0.8281229379068815,0.0067254845241538,0.1315918552150017,0.834418995915315,0.1563179967656464,-0.4735149511844752,0.4974075721983674,-0.7724080806458518,2,1.9088694333502536,-2.9709399217555155
MiddlePhalanxOutlineAgeGroup,80,554,3,4.394449154672439,6.318968113746434,1.3303825537109304,1.2661012524086004,0.9999999798807426,0.1439352339194139,0.0656856017099821,1.1667273210274185,0.0240050537726065,0.9947700824333012,0.0,0.0506786089658639,0.9833046915725836,0.69643854509802,0.2494033926893459,0.225024347976926,-1.4689018881277918,2,-0.9017085940137305,-1.5269062748724662
MiddlePhalanxOutlineCorrect,80,891,2,4.394449154672439,6.79346613258001,0.2381504609329633,0.1733625468612482,0.9999999773221384,0.1427807979511492,0.065032677350756,1.1591401386475055,0.0238425330972211,0.9949280046319589,0.0,0.0506897384534515,0.9835969807281963,0.7003154024262809,0.2555895057856936,0.2263025122586029,-1.4739366383129766,2,-0.8770309883113013,-1.5651066612495899
MiddlePhalanxTW,80,553,6,4.394449154672439,6.317164686747284,1.1563235712068582,1.0801176326852997,0.999999980059929,0.1439181207856045,0.0656753919789631,1.166741356927275,0.0240066381545215,0.9947655894010452,0.0,0.0506786916016206,0.9833035523552396,0.6964379444485285,0.2493311976917299,0.2250367309325534,-1.4689387427962926,2,-0.9127260927597434,-1.4944794907993617
MixedShapesRegularTrain,1024,2925,5,6.932447891572509,7.98139158158007,24.69904366331737,1.1880390449716869,1.0000000066023609,0.0222893211707218,0.0076050631995472,1.1966766929040606,0.0029936246558063,0.9998867810281932,0.0044043803418803,0.0078669239959562,0.9996465685421104,0.9926694003008506,0.973921141962706,-0.1346397165637304,-0.6497697054219043,1,-2.2409471711734503,0.06913627741647951
MixedShapesSmallTrain,1024,2525,5,6.932447891572509,7.834392302910435,24.76985086406224,1.1989640767261305,1.0000000061611138,0.0223103440191486,0.00758408241216,1.195654377887155,0.0029942920800049,0.999887150018522,0.0045482673267326,0.007878594311044,0.9996461177553442,0.9926550085880104,0.9738968444972124,-0.1406431111484987,-0.6421461578879026,1,-2.245207753837764,0.08232304989479913
MoteStrain,84,1272,2,4.442651256490317,7.149131598557407,4.444581703851157,0.7536219298185515,0.999999946533884,0.1963401904107077,0.2725580157302085,1.9355345235305763,0.0733436766864513,0.8103714914605865,0.0089098532494758,0.0563290899446844,0.7884588640999425,0.5707785593728683,0.2880053420710864,-0.7373060479696517,4.344719111075941,2,0.6688008033305414,-1.4712244925806264
NonInvasiveFetalECGThorax1,750,3765,42,6.621405651764134,8.233768709217097,8.632086771684206,2.7454803366123453,1.0000000521322965,0.0361848725706022,0.0148293766259879,2.618674543844276,0.0087518728085172,0.9994678725126096,0.0336169986719787,0.011188711996695,0.9970632749909204,0.9303493740957604,0.7579000109005944,0.4956405434494937,2.9178425014414797,3,-1.6573700190862153,1.4203498726734538
NonInvasiveFetalECGThorax2,750,3765,42,6.621405651764134,8.233768709217097,9.791557188598668,3.257655172365004,1.000000050960784,0.0331041092609623,0.0122090706188642,2.570936772484545,0.0083100975862016,0.9995733298786766,0.030872775564409,0.0099638827866105,0.9973481895186612,0.937348672390946,0.7812229592157429,0.7446863261406751,2.4052630177532057,3,-1.7047267385638725,1.4193838361578888
OSULeaf,427,442,6,6.059123195581797,6.093569770045136,7.400061426589159,0.3988423388589186,1.0000000125412487,0.0767773391501936,0.0310782308214053,1.66164126351678,0.0104708045523662,0.9988564479404984,0.007375459641612,0.0288859855968389,0.9960755784168628,0.9209348277185468,0.7387015011287512,0.0690777308954983,-0.3228172972730921,1,-1.678249056213022,-0.060193622451711996
OliveOil,570,60,4,6.3473892096560105,4.110873864173311,0.2700257464823182,1.6365970200976874,0.9999999821186064,0.0409141991908351,0.0134722490639736,2.249818813800812,0.0091413029528851,0.9994094421466192,0.0452923976608187,0.0141183362624487,0.9957343318632896,0.9110491611145968,0.7453058190573948,1.5144630789756774,2.0724017937978108,3,-1.4667000053504973,1.5948341605437766
PLAID,1345,1074,11,7.204892510204673,6.980075940561763,644.9918807524464,1.0990291775684775,1.0000000054942828,0.2561509850464442,0.3896251521879734,3.9937200552924383,0.0892142852855475,0.6749590093662765,0.0358697984811668,0.406933082823446,0.692780495353121,0.8229062292685666,0.7224232201915434,-0.3386271391504009,29.32859993535935,3,2.3517947590633055,1.6413283137050585
PhalangesOutlinesCorrect,80,2658,2,4.394449154672439,7.88570539124302,0.4884681904702093,0.2925011449110888,0.9999999773062828,0.1487480519357662,0.0695460157201221,1.196663196235783,0.0248657520188997,0.9931090390036392,0.0,0.053247421207532,0.9818103332565954,0.6803523478582094,0.2215964272026997,0.2560522126461831,-1.4248306963388142,2,-0.7651895782397157,-1.66808197284855
Phoneme,1024,2110,39,6.932447891572509,7.65491704784832,9.806530387102068,0.3166974614398562,1.0000000115536964,0.3108014524883427,0.4031967689495057,3.537632727707732,0.0654076074373125,0.8278157155914453,0.024981949792654,0.1577031590943836,0.8167184879723133,0.4605528833048392,0.1675854819125548,-0.4620323315841561,3.5173857466304472,3,1.4368607725053555,0.5811413810780943
PickupGestureWiimoteZ,361,100,10,5.891644211825771,4.61512051684126,4.59900040055117,1.5506252166112908,1.000000021457672,0.1032682602852582,0.1338128613680601,2.7339608669281006,0.0259103416269111,0.9659771436452864,0.0537950138504155,0.2466666666666666,0.9681089800406206,0.7152725359386853,0.4671184812965204,0.4322582666296511,7.606484332084656,3,0.011815762458980552,1.1706320057883755
PigAirwayPressure,2000,312,52,7.601402334583733,5.746203190540153,85.5817368678417,0.6195374847622475,1.000000009360986,0.0551456626421079,0.0929865079233422,1.7583853571842878,0.0111355132124638,0.9717140573387344,0.0215064102564102,0.0212686471440848,0.9619290284532542,0.9647195004047396,0.9535384821081888,1.2645712314428796,0.55757819994902,3,-1.8660660304512229,1.8483970062908732
PigArtPressure,2000,312,52,7.601402334583733,5.746203190540153,555.1137503064085,1.2812129131660484,1.0000000026745677,0.0467453948819102,0.0275160444315331,1.71167284460404,0.0082894633283967,0.9985063450458722,0.0003749999999999,0.0153826913456728,0.9973923858887676,0.9514735536732668,0.8387925672795132,0.3639092357241166,-0.9405787392304494,3,-2.180434184188822,1.1249612583685575
PigCVP,2000,312,52,7.601402334583733,5.746203190540153,98.31959848503077,1.4138453624814418,1.0000000129907558,0.0888128437173481,0.1176532873322661,2.7309840944332957,0.0093438880892565,0.9919165359475672,0.0099535256410256,0.0332233424404509,0.99150132638391,0.9255076433687776,0.8113466747024527,0.3646635792818135,0.3242289897723076,3,-1.6527413781912246,1.5927066733171316
Plane,144,210,7,4.976733742420574,5.351858133476067,8.90514949362267,3.931330793117172,0.9999999193918138,0.1563679684130918,0.0514907580844703,1.4642225282532828,0.0229512766022469,0.9945358690761384,0.0158068783068783,0.0676656676656676,0.9845588333412943,0.6725198515272991,0.0543014475562534,0.5277479916101411,-0.0648474432173229,2,-0.679596133743756,-0.7818796582103931
PowerCons,144,360,2,4.976733742420574,5.8888779583328805,11.548995658861209,1.193338874824701,1.0000000082784228,0.1965813098682297,0.1901690667702092,2.2251058989100985,0.042159389543949,0.8949473227063814,0.0288773148148148,0.0627622377622377,0.9238212091385996,0.5243922752694319,0.2943703314809568,1.3496233676870664,1.8438145379225408,2,0.29323557737126693,-0.12492537659187782
ProximalPhalanxOutlineAgeGroup,80,605,3,4.394449154672439,6.406879986069314,1.1457076961401584,1.5113959051967332,0.999999978522624,0.1475143340008318,0.0578606916237468,1.1849704438989812,0.0246919969897633,0.9951198675415732,0.0,0.050632911392405,0.9830870251708268,0.6743470907921384,0.1577601764390621,0.3818621581250971,-1.3955473066361483,2,-0.8055529488829376,-1.5435344352216906
ProximalPhalanxOutlineCorrect,80,891,2,4.394449154672439,6.79346613258001,0.7782244178664688,0.7579746818010186,0.9999999800648888,0.1409880750040146,0.0556594888093294,1.1636626602690896,0.0242077897873905,0.9954521973794024,0.0,0.050632911392405,0.9838126678748612,0.687664356828416,0.1851581860476377,0.3643184228644494,-1.4171165225214162,2,-0.8294189687613264,-1.567526032128801
ProximalPhalanxTW,80,605,6,4.394449154672439,6.406879986069314,1.1455255119504917,1.4580684721865953,0.999999978522624,0.1475143340008318,0.0578606916237468,1.1849704438989812,0.0246919969897633,0.9951198675415732,0.0,0.050632911392405,0.9830870251708268,0.6743470907921383,0.1577601764390621,0.3818621581250971,-1.3955473066361483,2,-0.8190338693645546,-1.5122265178320549
RefrigerationDevices,720,750,3,6.580639137284949,6.621405651764134,2.531552369690687,0.0947266991233981,1.0000000248750052,0.2474434942851464,0.4103299185633659,3.1903696649074558,0.073636922228859,0.8068604724444449,0.0114092592592592,0.0907204450625869,0.8092652581089627,0.2477846889147413,-0.0505143451418022,0.9052614703200136,0.2551452159881592,2,1.7522254386852198,-0.0665188424089123
Rock,2844,70,4,7.953318346560431,4.262679877041316,1150.997555221296,1.4779883778274434,1.0000000170298986,0.0098330211360007,0.0082681393916053,1.5471884437969752,0.0013327353641778,0.9992874281747,0.0025969459513763,0.0026732325008793,0.9997970751121096,0.997779295416789,0.9929557250820356,-0.1826970859962914,-0.4512224691254752,1,-2.3780518862571784,0.897152098710545
ScreenType,720,750,3,6.580639137284949,6.621405651764134,4.612032644464841,0.1836750216119277,1.0000000282128652,0.145863916012148,0.2776685164322455,2.8065972062746685,0.0357335629327644,0.9112345129704724,0.0262685185185185,0.0620454334724153,0.890958879053895,0.7924930077046058,0.658611644643988,2.367617434239636,12.81921002483368,3,0.015865196663347035,1.4092623583701702
SemgHandGenderCh2,1500,900,2,7.313886831633462,6.803505257608338,174.99759414654233,0.2809008467847119,1.0000000045696895,0.7472386925088035,1.2922943524850738,5.273271829817031,0.1591924996767948,0.4905962687730789,0.0187637037037037,0.3552019865095249,0.3801595177827499,0.2943784028739787,0.2770740963643183,4.348519088758363,76.61116224765777,0,6.823441808022999,2.592970196697194
SemgHandMovementCh2,1500,900,6,7.313886831633462,6.803505257608338,515.9302550079652,0.9642596423683508,1.0000000045696895,0.7472386925088035,1.2922943524850738,5.273271829817031,0.1591924996767948,0.4905962687730789,0.0187637037037037,0.3552019865095248,0.3801595177827499,0.2943784028739787,0.2770740963643183,4.348519088758363,76.61116224765777,0,6.791377165658681,2.629128078095801
SemgHandSubjectCh2,1500,900,5,7.313886831633462,6.803505257608338,384.4066122671485,0.6566861940826278,1.0000000045696895,0.7472386925088035,1.2922943524850738,5.273271829817031,0.1591924996767948,0.4905962687730789,0.0187637037037037,0.3552019865095248,0.3801595177827499,0.2943784028739787,0.2770740963643183,4.348519088758363,76.61116224765777,0,6.801946920204082,2.621100979263846
ShakeGestureWiimoteZ,385,100,10,5.955837369464831,4.61512051684126,8.849942578193758,1.3645781300456088,1.0000000101327895,0.1579177752882242,0.1700346829742193,3.08884419798851,0.045839622442354,0.9185545098781586,0.0449350649350649,0.2742968749999999,0.930760756197882,0.3000472888001098,-0.0791514949108794,0.250491423018102,6.574381923675537,3,1.2519735746733338,0.5671706404209369
ShapeletSim,500,200,2,6.2166061010848646,5.303304908059076,3.141883772381685,0.1413449636882077,0.9999999395012856,1.1145842510461808,1.938448455929756,5.085546591281891,0.2415462587954121,0.232142289057374,0.0,0.4802204408817636,0.0400872243732136,0.0203280575769342,-0.0084737387387218,-0.0034572358039986,-1.1997532033920288,0,9.394867432349963,-1.4670394629524057
ShapesAll,512,1200,60,6.240275845170769,7.090909822079984,20.8564513818343,1.7633274267578087,1.0000000063081582,0.038703186820882,0.0226969063542007,1.0092694155033677,0.0053826935542202,0.999731181760629,0.0021451822916666,0.0132583170254403,0.9988632492836628,0.9778124075061748,0.9197595879364504,-0.0793535396955364,-0.8275250267982482,3,-2.439104189385773,0.2616834362269978
SmallKitchenAppliances,720,750,3,6.580639137284949,6.621405651764134,2.953880973173795,0.1106681904761532,1.0000000234444937,0.1284506394018729,0.2261703456838925,5.409264111200969,0.1655804226869135,0.3998465512307981,0.0098462962962962,0.0322373667130273,0.4106597603664785,0.0224830743936818,0.0064693411596119,14.61138880431034,259.0071347225507,0,6.68100857096593,8.580616173881356
SmoothSubspace,15,300,3,2.772588722239781,5.707110264748875,0.7273947253079891,0.8077557878903321,1.000000016093254,1.0588818483551343,1.8508584429820376,1.569967364470164,0.2448945951863783,0.2236913475386488,0.0042222222222222,0.4283333333333333,0.0624579597298985,-0.0949145920686461,-0.0120666608746011,-0.1372269165508138,-0.648447566429774,0,8.585218289458556,-4.055322738625612
SonyAIBORobotSurface1,70,621,2,4.262679877041316,6.432940092739179,3.1371764999941982,0.7631505658185997,1.0000000363770698,0.3951237879801487,0.4153744893901398,2.131016019653775,0.075039517697741,0.7652846920317498,0.0124453646192776,0.147984783775584,0.8432314864922508,0.0640495337141212,-0.4194059687739422,0.0008086583697729,0.1825296201183792,2,2.3556395670826187,-2.0160672076460826
SonyAIBORobotSurface2,65,980,2,4.189654742026425,6.888572459565364,4.785842566342721,0.7910870947325046,1.0000000226254366,0.5510074749588967,0.6085319279407968,2.4169282124966998,0.1241286251769987,0.3648589170861001,0.0284144427001569,0.2485331632653061,0.6698795693033329,-0.2378519334110289,-0.1436517922200425,0.5828651723896191,1.2632846019705948,2,4.726885295723485,-1.75418504939652
StarLightCurves,1024,9236,3,6.932447891572509,9.13097243659261,24.19375218071079,1.718469571994144,1.0000000080604377,0.0096711257675617,0.0004561432646744,0.8994470971703833,0.001925122964193,0.9999975451805108,0.0129677899320593,0.0027832143082425,0.999858245528132,0.996475628016411,0.9861195644862628,0.4402211429660477,0.2326887789202129,1,-2.249691290942029,0.20022294429675797
Strawberry,235,983,2,5.4638318050256105,6.891625897052253,1.234402833421879,0.6270370900924148,0.9999999944215388,0.0511338480408109,0.0235386467552985,1.4001728817744754,0.0094442682163109,0.9976037147692722,0.0493625679097854,0.0241542113363069,0.9965324716826462,0.9365449278713944,0.7986080854310813,1.3308984641504915,1.482234194708016,3,-1.5198777800846226,0.7306198109364863
SwedishLeaf,128,1125,15,4.859812404361672,7.026426808699636,4.99485750855697,1.3407129375728952,1.0000000255902608,0.1510367969340748,0.0861320027046733,0.9397070147461362,0.0222276552022454,0.9865437574386596,0.0033541666666666,0.0515205599300087,0.9821089694401136,0.7278616596186708,0.316887221826242,0.3255212419679802,-0.6387903854582044,2,-1.0231886667992245,-1.202846039429998
Symbols,398,1020,6,5.988961416889864,6.928537818164665,20.630574734782662,2.6559816109782104,0.9999999969613318,0.0283815456134285,0.0079937221066953,1.1630885672189442,0.0086851443320315,0.9925020634543662,0.0001527244063454,0.0089716995110386,0.9989944906735236,0.9788916252690356,0.920645142187741,0.0423609851073991,-0.9556748871709786,1,-2.157595534217734,-0.3394958935329121
SyntheticControl,60,600,6,4.110873864173311,6.398594934535208,7.485437565002134,1.4177831991797594,0.9999999622503916,0.6811855379243692,1.1476565625766912,2.059596833089988,0.1260172294926912,0.6663771492615342,0.0001666666666666,0.2175423728813559,0.6048883506650662,0.3219048699641574,0.4222005656682394,-0.0178440952176849,-1.0061641146739324,2,3.6683016845720706,-2.3304242731891596
ToeSegmentation1,277,268,2,5.627621113690637,5.594711379601839,2.1304407053242747,0.1288522497416674,0.99999999421746,0.1333190867983138,0.1355761076365389,2.0453546667721736,0.0232982530251186,0.9802172159525886,0.0257556980440756,0.0449248323599394,0.976735916465214,0.7418237217269236,0.4070701465851227,0.8878470523831948,0.7338973061362309,3,-0.6707262276180005,0.15408001356266757
ToeSegmentation2,343,166,2,5.840641657373398,5.117993812416755,3.3083901186876723,0.1820785037079005,0.99999997737896,0.090296995983156,0.0699007368495081,2.0299821607319704,0.0159921729543649,0.9869964693684176,0.0296462819206856,0.0296977383217078,0.988574827921092,0.8674879931380614,0.6312711052922553,1.0535297279368177,1.0582625657679088,3,-1.1715106984511217,0.6278206663344797
Trace,275,200,4,5.62040086571715,5.303304908059076,16.51238325955177,2.154438878631069,1.000000011920929,0.0496617355570197,0.0679866241477429,1.4675696650147438,0.0117466197549729,0.9843039399385451,0.0035272727272727,0.0071167883211678,0.9910575107869364,0.9063073927903728,0.8478924357836217,-0.7476011359214317,-0.3215263050794601,1,-1.9041063356099706,-0.4975402377812036
TwoLeadECG,82,1162,2,4.418840607796598,7.0587581525186645,1.2208432905641768,0.3757605393659504,1.000000013131488,0.1242481100656694,0.0912027534148728,1.340319412197796,0.0259398523283391,0.9760577041598072,0.0366588304437261,0.0567561250292173,0.9751080271114536,0.6913080289489071,0.3079919975719715,-1.1275703048144377,1.036199716405491,2,-0.7488949365746677,-1.07214743986837
TwoPatterns,128,5000,4,4.859812404361672,8.517393171418904,3.216970848295972,0.2906836244005124,1.0000000224590302,0.3186764071136713,0.5680565695524216,2.4969117387771607,0.0706729409329249,0.8275938376426697,0.0,0.3361165354330708,0.8171923121574255,0.3424506852768171,-0.2145168363418063,0.0007384661547845,-0.5996355216264725,2,2.416287974892893,-1.8873257679620357
UMD,150,180,3,5.017279836814924,5.198497031265826,5.829696499280665,1.0110071644536582,0.9999999973509048,0.0667048226628038,0.0638627319493227,1.2341663913594352,0.0147987716752509,0.9920335070954428,0.0034074074074074,0.0177479492915734,0.9886288664830865,0.8327567815669676,0.6372956893750785,0.187450192481952,-1.1522772391637166,1,-1.5719261333814298,-0.7548370421256737
UWaveGestureLibraryAll,945,4478,8,6.852242569051878,8.4071550862073,28.330706089861707,1.227838832407044,0.999999996299667,0.0471223902332464,0.0343696615365868,2.208321805615785,0.0081660611071303,0.99472268874116,0.0041789253044277,0.0136015719033164,0.9940236142572564,0.946935451750192,0.8561380998257323,0.0719967572154711,-0.7211280794961477,1,-1.7525690093128905,0.3139600660774924
UWaveGestureLibraryX,315,4478,8,5.755742213586912,8.4071550862073,15.450834259050682,1.1793839092989795,1.0000000333296182,0.0383257256857609,0.0100145350127106,1.2398530223330733,0.0084898659478655,0.9963159899777628,0.0044804582544645,0.0131435211920699,0.9978780597807176,0.9556101767348169,0.8620054867024824,0.0196306393667743,-0.6529678327795543,1,-1.976544775864513,-0.4665316490112526
UWaveGestureLibraryY,315,4478,8,5.755742213586912,8.4071550862073,16.568563014179833,1.3424210254136693,1.0000000348603315,0.0326349703404119,0.0104701021674783,1.1387139076883637,0.0076195755803984,0.9953271758215616,0.0042883373388062,0.0106785331258552,0.9984583481826774,0.9693731294011028,0.9071299823001946,0.1037279205211323,-0.7402012227581461,1,-2.0571485101996085,-0.45237737419120055
UWaveGestureLibraryZ,315,4478,8,5.755742213586912,8.4071550862073,15.229285884059465,1.1690170855681363,0.9997767202153488,0.0365677378764321,0.0098779751604475,1.21843781357181,0.0082254723248592,0.9956615400559246,0.0041047236223654,0.0132566005638322,0.997850460620735,0.9601034543230076,0.8775521388633514,0.0930638221656143,-0.6950645248938384,1,-1.99351319390072,-0.4520905050263686
Wafer,152,7164,2,5.030437921392435,8.876963340262272,4.632193953244246,0.4152726486742474,0.9999999850489186,0.0809847352696589,0.1363659539711851,2.0185614102949048,0.0420103244436004,0.9013330856975664,0.001820138705222,0.0263643456428574,0.8924972910493194,0.6509470440674933,0.3342359612195423,0.583096467957569,4.496619185244551,2,-0.23637160876348906,-0.9084803299067311
Wine,234,111,2,5.459585514144159,4.718498871295094,0.1079334021342185,0.3655730095605609,0.9999999967781272,0.0735500578407768,0.0245781449416467,2.3104833138955607,0.0249928509754481,0.9649763590580708,0.0427350427350427,0.0186753276882032,0.9921319570577148,0.8612792018162098,0.6126640720597846,1.184153654553869,1.7094525045102782,3,-1.0234552964414072,0.9082263435129901
WordSynonyms,270,905,25,5.602118820879701,6.80903930604298,10.06930166963508,0.7343325291720959,1.0000000214708444,0.0663210668143152,0.0160786867598058,1.756020334247726,0.0139643797506008,0.9983307229221196,0.0334438305709023,0.0270903078724147,0.9931321876520884,0.8598419632492997,0.5999435757034262,1.4408613767979142,1.8528654991592493,3,-1.3525904071651853,0.7316987468256803
Worms,900,258,5,6.803505257608338,5.556828061699537,6.686394518823396,0.2261961838236013,0.9999999935312788,0.0578433215282424,0.06311221165266,2.0115958098755327,0.0074422017718364,0.9957686045835183,0.0078768303186907,0.0210785454984435,0.9958299358612804,0.9575012867694378,0.8675841481962949,0.0163832197157974,-0.3341510406760282,1,-1.7935334065919615,0.49550336840326153
WormsTwoClass,900,258,2,6.803505257608338,5.556828061699537,4.228634813177594,0.1418143743265194,0.9999999935312788,0.0578433215282424,0.06311221165266,2.0115958098755327,0.0074422017718364,0.9957686045835183,0.0078768303186907,0.0210785454984435,0.9958299358612804,0.9575012867694378,0.8675841481962949,0.0163832197157974,-0.3341510406760282,1,-1.7774806741715223,0.46521504504552996
Yoga,426,3300,2,6.056784013228625,8.101980731853192,0.9241958546903514,0.0537946626825674,0.999999999855504,0.0382867406263496,0.011680275410075,0.915871105992207,0.0057744658943902,0.999752981409882,4.9082373026035e-05,0.0138160427807486,0.9990147368241422,0.9789496546539312,0.9220136555994536,-0.0897901612163387,-0.8886817859158371,1,-2.1302086392378907,-0.5573944865017142
