fraction,mode,n_samples,mean_score_drop,flip_rate,base_accuracy,dataset,model
0.05,bottom,50,0.9644902102648918,0.06,0.7723785166240409,Adiac,MrSQM
0.05,random,50,2.4961887059433576,0.2266666666666666,0.7723785166240409,Adiac,MrSQM
0.05,top,50,2.8622407595353936,0.26,0.7723785166240409,Adiac,MrSQM
0.1,bottom,50,1.337120247176827,0.04,0.7723785166240409,Adiac,MrSQM
0.1,random,50,3.000298984712046,0.42,0.7723785166240409,Adiac,MrSQM
0.1,top,50,3.323270199388781,0.42,0.7723785166240409,Adiac,MrSQM
0.2,bottom,50,2.460603641358317,0.24,0.7723785166240409,Adiac,MrSQM
0.2,random,50,3.7449727980891487,0.5733333333333333,0.7723785166240409,Adiac,MrSQM
0.2,top,50,3.5335902039823384,0.54,0.7723785166240409,Adiac,MrSQM
0.05,bottom,50,0.0826856764637102,0.02,0.6385714285714286,AllGestureWiimoteX,MrSQM
0.05,random,50,0.355075368143934,0.1133333333333333,0.6385714285714286,AllGestureWiimoteX,MrSQM
0.05,top,50,0.8106673799442283,0.22,0.6385714285714286,AllGestureWiimoteX,MrSQM
0.1,bottom,50,0.1194259276176906,0.06,0.6385714285714286,AllGestureWiimoteX,MrSQM
0.1,random,50,0.5476080656907086,0.1933333333333333,0.6385714285714286,AllGestureWiimoteX,MrSQM
0.1,top,50,1.404006939035024,0.38,0.6385714285714286,AllGestureWiimoteX,MrSQM
0.2,bottom,50,0.1906279614139967,0.12,0.6385714285714286,AllGestureWiimoteX,MrSQM
0.2,random,50,1.1086316257787214,0.3066666666666666,0.6385714285714286,AllGestureWiimoteX,MrSQM
0.2,top,50,2.553321217439877,0.7,0.6385714285714286,AllGestureWiimoteX,MrSQM
0.05,bottom,50,0.0724150215934122,0.0,0.6528571428571428,AllGestureWiimoteY,MrSQM
0.05,random,50,0.4978702221215834,0.1,0.6528571428571428,AllGestureWiimoteY,MrSQM
0.05,top,50,2.433082835870125,0.3,0.6528571428571428,AllGestureWiimoteY,MrSQM
0.1,bottom,50,0.0737902904907185,0.0,0.6528571428571428,AllGestureWiimoteY,MrSQM
0.1,random,50,0.5882842872452564,0.1,0.6528571428571428,AllGestureWiimoteY,MrSQM
0.1,top,50,3.9656842429774097,0.78,0.6528571428571428,AllGestureWiimoteY,MrSQM
0.2,bottom,50,-0.0780867066560781,0.02,0.6528571428571428,AllGestureWiimoteY,MrSQM
0.2,random,50,0.9025378519724038,0.2133333333333333,0.6528571428571428,AllGestureWiimoteY,MrSQM
0.2,top,50,4.0029203577963495,0.82,0.6528571428571428,AllGestureWiimoteY,MrSQM
0.05,bottom,50,-0.0650528400926188,0.0,0.5957142857142858,AllGestureWiimoteZ,MrSQM
0.05,random,50,0.2916930189176447,0.0866666666666666,0.5957142857142858,AllGestureWiimoteZ,MrSQM
0.05,top,50,2.3358159577149378,0.52,0.5957142857142858,AllGestureWiimoteZ,MrSQM
0.1,bottom,50,-0.2138997625850877,0.0,0.5957142857142858,AllGestureWiimoteZ,MrSQM
0.1,random,50,0.1966674696452753,0.08,0.5957142857142858,AllGestureWiimoteZ,MrSQM
0.1,top,50,2.7701981879229964,0.74,0.5957142857142858,AllGestureWiimoteZ,MrSQM
0.2,bottom,50,-0.2994287159221056,0.04,0.5957142857142858,AllGestureWiimoteZ,MrSQM
0.2,random,50,0.5299769786626687,0.2466666666666666,0.5957142857142858,AllGestureWiimoteZ,MrSQM
0.2,top,50,3.223161770664908,0.92,0.5957142857142858,AllGestureWiimoteZ,MrSQM
0.05,bottom,50,-0.0867421671297557,0.08,0.8228571428571428,ArrowHead,MrSQM
0.05,random,50,0.1001709696719932,0.0266666666666666,0.8228571428571428,ArrowHead,MrSQM
0.05,top,50,0.3861217893117604,0.1,0.8228571428571428,ArrowHead,MrSQM
0.1,bottom,50,-0.0424717070204706,0.0,0.8228571428571428,ArrowHead,MrSQM
0.1,random,50,0.3167813378467967,0.08,0.8228571428571428,ArrowHead,MrSQM
0.1,top,50,0.4581984572582285,0.16,0.8228571428571428,ArrowHead,MrSQM
0.2,bottom,50,0.2230748263089347,0.02,0.8228571428571428,ArrowHead,MrSQM
0.2,random,50,0.7599581875040683,0.1866666666666666,0.8228571428571428,ArrowHead,MrSQM
0.2,top,50,1.210276403774187,0.28,0.8228571428571428,ArrowHead,MrSQM
0.05,bottom,50,0.3890879364551229,0.02,0.8466666666666667,BME,MrSQM
0.05,random,50,0.5564122471479189,0.06,0.8466666666666667,BME,MrSQM
0.05,top,50,1.0890911151062637,0.08,0.8466666666666667,BME,MrSQM
0.1,bottom,50,0.4997562078688848,0.06,0.8466666666666667,BME,MrSQM
0.1,random,50,0.6957322410090647,0.14,0.8466666666666667,BME,MrSQM
0.1,top,50,1.3848913813238624,0.28,0.8466666666666667,BME,MrSQM
0.2,bottom,50,0.5959916894048696,0.12,0.8466666666666667,BME,MrSQM
0.2,random,50,0.8875537065907426,0.18,0.8466666666666667,BME,MrSQM
0.2,top,50,1.5360766024551231,0.3,0.8466666666666667,BME,MrSQM
0.05,bottom,21,0.353974196955955,0.0476190476190476,0.7,Beef,MrSQM
0.05,random,21,0.5310760305469486,0.0793650793650793,0.7,Beef,MrSQM
0.05,top,21,0.9350274480964,0.1428571428571428,0.7,Beef,MrSQM
0.1,bottom,21,0.5046916116011883,0.0476190476190476,0.7,Beef,MrSQM
0.1,random,21,1.0047572374993494,0.2222222222222221,0.7,Beef,MrSQM
0.1,top,21,1.4112005707276345,0.4761904761904761,0.7,Beef,MrSQM
0.2,bottom,21,0.8339241979358767,0.0952380952380952,0.7,Beef,MrSQM
0.2,random,21,1.3513120383513098,0.3015873015873015,0.7,Beef,MrSQM
0.2,top,21,1.935511886563042,0.7142857142857143,0.7,Beef,MrSQM
0.05,bottom,19,0.0583863543841345,0.0526315789473684,0.95,BeetleFly,MrSQM
0.05,random,19,0.2237835802426518,0.0701754385964912,0.95,BeetleFly,MrSQM
0.05,top,19,0.3154506190943923,0.1052631578947368,0.95,BeetleFly,MrSQM
0.1,bottom,19,0.0894295668563501,0.0,0.95,BeetleFly,MrSQM
0.1,random,19,0.209065132242556,0.1052631578947368,0.95,BeetleFly,MrSQM
0.1,top,19,0.577045516083503,0.2105263157894736,0.95,BeetleFly,MrSQM
0.2,bottom,19,0.0870444488633329,0.0,0.95,BeetleFly,MrSQM
0.2,random,19,0.4618792661139963,0.1228070175438596,0.95,BeetleFly,MrSQM
0.2,top,19,0.9322831100469235,0.2105263157894736,0.95,BeetleFly,MrSQM
0.05,bottom,19,0.0370076800102092,0.0,0.95,BirdChicken,MrSQM
0.05,random,19,0.2291732650527077,0.0701754385964912,0.95,BirdChicken,MrSQM
0.05,top,19,0.3864672071738653,0.0526315789473684,0.95,BirdChicken,MrSQM
0.1,bottom,19,0.017844916766549,0.0,0.95,BirdChicken,MrSQM
0.1,random,19,0.2970968855850744,0.087719298245614,0.95,BirdChicken,MrSQM
0.1,top,19,0.6831002585260686,0.0526315789473684,0.95,BirdChicken,MrSQM
0.2,bottom,19,0.1184120376108468,0.1052631578947368,0.95,BirdChicken,MrSQM
0.2,random,19,0.4832607996226946,0.087719298245614,0.95,BirdChicken,MrSQM
0.2,top,19,0.8151410389367392,0.0526315789473684,0.95,BirdChicken,MrSQM
0.05,bottom,50,0.0520556843103986,0.0,1.0,CBF,MrSQM
0.05,random,50,0.4010566911655095,0.0,1.0,CBF,MrSQM
0.05,top,50,0.5596313574121323,0.0,1.0,CBF,MrSQM
0.1,bottom,50,0.1574193010791847,0.0,1.0,CBF,MrSQM
0.1,random,50,0.8934027516214357,0.0,1.0,CBF,MrSQM
0.1,top,50,1.2607451153222855,0.02,1.0,CBF,MrSQM
0.2,bottom,50,0.3856158739736015,0.0,1.0,CBF,MrSQM
0.2,random,50,1.3427885714774042,0.02,1.0,CBF,MrSQM
0.2,top,50,1.967321807363836,0.06,1.0,CBF,MrSQM
0.05,bottom,48,0.6313247132783716,0.0416666666666666,0.8,Car,MrSQM
0.05,random,48,1.2701019898095025,0.0972222222222222,0.8,Car,MrSQM
0.05,top,48,1.7404679179875018,0.125,0.8,Car,MrSQM
0.1,bottom,48,0.9349215512704376,0.0416666666666666,0.8,Car,MrSQM
0.1,random,48,1.7809426449257977,0.1666666666666666,0.8,Car,MrSQM
0.1,top,48,2.099582678228499,0.1666666666666666,0.8,Car,MrSQM
0.2,bottom,48,1.7054381420690066,0.1041666666666666,0.8,Car,MrSQM
0.2,random,48,2.47860983553908,0.2777777777777777,0.8,Car,MrSQM
0.2,top,48,2.6890308165817527,0.3541666666666667,0.8,Car,MrSQM
0.05,bottom,50,-0.0236188898383203,0.0,0.9737609329446064,Chinatown,MrSQM
0.05,random,50,0.7034161883357184,0.0866666666666666,0.9737609329446064,Chinatown,MrSQM
0.05,top,50,1.3551431049362217,0.06,0.9737609329446064,Chinatown,MrSQM
0.1,bottom,50,-0.0010241371084373,0.0,0.9737609329446064,Chinatown,MrSQM
0.1,random,50,0.9657588875151714,0.12,0.9737609329446064,Chinatown,MrSQM
0.1,top,50,1.514767560187232,0.12,0.9737609329446064,Chinatown,MrSQM
0.2,bottom,50,0.0307086291056001,0.0,0.9737609329446064,Chinatown,MrSQM
0.2,random,50,1.3426365712938348,0.1933333333333333,0.9737609329446064,Chinatown,MrSQM
0.2,top,50,1.8790912774670188,0.3,0.9737609329446064,Chinatown,MrSQM
0.05,bottom,50,0.2761410531325418,0.04,0.7151041666666667,ChlorineConcentration,MrSQM
0.05,random,50,0.7053906130348281,0.1466666666666666,0.7151041666666667,ChlorineConcentration,MrSQM
0.05,top,50,1.1803884393545006,0.3,0.7151041666666667,ChlorineConcentration,MrSQM
0.1,bottom,50,0.6469376662612804,0.14,0.7151041666666667,ChlorineConcentration,MrSQM
0.1,random,50,1.0919109091767056,0.2133333333333333,0.7151041666666667,ChlorineConcentration,MrSQM
0.1,top,50,1.540397723725755,0.42,0.7151041666666667,ChlorineConcentration,MrSQM
0.2,bottom,50,0.9956949467473534,0.16,0.7151041666666667,ChlorineConcentration,MrSQM
0.2,random,50,1.231147908998819,0.2933333333333333,0.7151041666666667,ChlorineConcentration,MrSQM
0.2,top,50,2.3013982745209947,0.58,0.7151041666666667,ChlorineConcentration,MrSQM
0.05,bottom,50,0.0858727142013918,0.0,0.9608695652173912,CinCECGTorso,MrSQM
0.05,random,50,0.1600306789917282,0.0066666666666666,0.9608695652173912,CinCECGTorso,MrSQM
0.05,top,50,0.4368673391775772,0.02,0.9608695652173912,CinCECGTorso,MrSQM
0.1,bottom,50,0.191266028669652,0.0,0.9608695652173912,CinCECGTorso,MrSQM
0.1,random,50,0.3292770118298678,0.0066666666666666,0.9608695652173912,CinCECGTorso,MrSQM
0.1,top,50,0.524410576541083,0.02,0.9608695652173912,CinCECGTorso,MrSQM
0.2,bottom,50,0.4846029211892718,0.04,0.9608695652173912,CinCECGTorso,MrSQM
0.2,random,50,0.5477515626430506,0.0466666666666666,0.9608695652173912,CinCECGTorso,MrSQM
0.2,top,50,0.7304451463508217,0.12,0.9608695652173912,CinCECGTorso,MrSQM
0.05,bottom,27,0.0938772351796482,0.0,0.9642857142857144,Coffee,MrSQM
0.05,random,27,0.8921497965402012,0.0864197530864197,0.9642857142857144,Coffee,MrSQM
0.05,top,27,1.6740570303110387,0.1481481481481481,0.9642857142857144,Coffee,MrSQM
0.1,bottom,27,0.2029765765623055,0.0,0.9642857142857144,Coffee,MrSQM
0.1,random,27,1.2992817227124431,0.0123456790123456,0.9642857142857144,Coffee,MrSQM
0.1,top,27,1.887102248757851,0.074074074074074,0.9642857142857144,Coffee,MrSQM
0.2,bottom,27,0.2805023197027123,0.0,0.9642857142857144,Coffee,MrSQM
0.2,random,27,1.786186459166113,0.0246913580246913,0.9642857142857144,Coffee,MrSQM
0.2,top,27,2.448846324984599,0.074074074074074,0.9642857142857144,Coffee,MrSQM
0.05,bottom,50,0.0830222169338894,0.0,0.768,Computers,MrSQM
0.05,random,50,0.1337727971197248,0.0866666666666666,0.768,Computers,MrSQM
0.05,top,50,0.317196091906011,0.14,0.768,Computers,MrSQM
0.1,bottom,50,0.1272473065388838,0.02,0.768,Computers,MrSQM
0.1,random,50,0.3586341838028155,0.12,0.768,Computers,MrSQM
0.1,top,50,0.5441892548363076,0.16,0.768,Computers,MrSQM
0.2,bottom,50,0.3111413548899115,0.08,0.768,Computers,MrSQM
0.2,random,50,0.521436613149076,0.1266666666666666,0.768,Computers,MrSQM
0.2,top,50,1.033280813221502,0.26,0.768,Computers,MrSQM
0.05,bottom,50,0.3850482021498259,0.06,0.8051282051282052,CricketX,MrSQM
0.05,random,50,0.6018829801870015,0.0533333333333333,0.8051282051282052,CricketX,MrSQM
0.05,top,50,0.825285559076839,0.08,0.8051282051282052,CricketX,MrSQM
0.1,bottom,50,0.5788963035360659,0.1,0.8051282051282052,CricketX,MrSQM
0.1,random,50,1.002984774022314,0.1599999999999999,0.8051282051282052,CricketX,MrSQM
0.1,top,50,1.4676898455848115,0.08,0.8051282051282052,CricketX,MrSQM
0.2,bottom,50,0.9704042708989248,0.2,0.8051282051282052,CricketX,MrSQM
0.2,random,50,1.8304652981616043,0.2666666666666666,0.8051282051282052,CricketX,MrSQM
0.2,top,50,2.580557063943548,0.32,0.8051282051282052,CricketX,MrSQM
0.05,bottom,50,0.3355617260641218,0.04,0.8102564102564103,CricketY,MrSQM
0.05,random,50,0.6490963764721536,0.12,0.8102564102564103,CricketY,MrSQM
0.05,top,50,0.7599079620468455,0.06,0.8102564102564103,CricketY,MrSQM
0.1,bottom,50,0.959867696061741,0.12,0.8102564102564103,CricketY,MrSQM
0.1,random,50,1.274945500253694,0.2,0.8102564102564103,CricketY,MrSQM
0.1,top,50,1.9080387770870544,0.26,0.8102564102564103,CricketY,MrSQM
0.2,bottom,50,1.59151976188182,0.2,0.8102564102564103,CricketY,MrSQM
0.2,random,50,2.0568796881233946,0.2933333333333333,0.8102564102564103,CricketY,MrSQM
0.2,top,50,2.831060883918665,0.44,0.8102564102564103,CricketY,MrSQM
0.05,bottom,50,0.2701521756539058,0.04,0.8025641025641026,CricketZ,MrSQM
0.05,random,50,0.5413399853006825,0.0466666666666666,0.8025641025641026,CricketZ,MrSQM
0.05,top,50,1.079532198887754,0.1,0.8025641025641026,CricketZ,MrSQM
0.1,bottom,50,0.7158137784501493,0.1,0.8025641025641026,CricketZ,MrSQM
0.1,random,50,1.0807327392047206,0.0933333333333333,0.8025641025641026,CricketZ,MrSQM
0.1,top,50,1.8648729437152607,0.18,0.8025641025641026,CricketZ,MrSQM
0.2,bottom,50,1.4386754345095922,0.24,0.8025641025641026,CricketZ,MrSQM
0.2,random,50,2.102581714625865,0.28,0.8025641025641026,CricketZ,MrSQM
0.2,top,50,2.970653119572983,0.4,0.8025641025641026,CricketZ,MrSQM
0.05,bottom,50,0.4085500243573756,0.02,0.7120238095238095,Crop,MrSQM
0.05,random,50,3.3913148511792794,0.2066666666666666,0.7120238095238095,Crop,MrSQM
0.05,top,50,5.963105199379368,0.42,0.7120238095238095,Crop,MrSQM
0.1,bottom,50,1.2319724315625853,0.04,0.7120238095238095,Crop,MrSQM
0.1,random,50,5.790658530885472,0.4133333333333333,0.7120238095238095,Crop,MrSQM
0.1,top,50,9.165507759802596,0.78,0.7120238095238095,Crop,MrSQM
0.2,bottom,50,3.19450838882192,0.06,0.7120238095238095,Crop,MrSQM
0.2,random,50,8.24795138732768,0.5866666666666667,0.7120238095238095,Crop,MrSQM
0.2,top,50,11.390980082052618,0.98,0.7120238095238095,Crop,MrSQM
0.05,bottom,50,0.4566945985657776,0.0,0.8823529411764706,DiatomSizeReduction,MrSQM
0.05,random,50,1.135116791735428,0.0066666666666666,0.8823529411764706,DiatomSizeReduction,MrSQM
0.05,top,50,1.8191959566918456,0.04,0.8823529411764706,DiatomSizeReduction,MrSQM
0.1,bottom,50,0.5373691064762324,0.0,0.8823529411764706,DiatomSizeReduction,MrSQM
0.1,random,50,1.413329592371621,0.02,0.8823529411764706,DiatomSizeReduction,MrSQM
0.1,top,50,2.107367459519343,0.06,0.8823529411764706,DiatomSizeReduction,MrSQM
0.2,bottom,50,0.9343562836781169,0.0,0.8823529411764706,DiatomSizeReduction,MrSQM
0.2,random,50,1.7361152761108278,0.02,0.8823529411764706,DiatomSizeReduction,MrSQM
0.2,top,50,2.2524247144618714,0.08,0.8823529411764706,DiatomSizeReduction,MrSQM
0.05,bottom,50,-5.051342538733738e-05,0.08,0.762589928057554,DistalPhalanxOutlineAgeGroup,MrSQM
0.05,random,50,0.7996253725899527,0.22,0.762589928057554,DistalPhalanxOutlineAgeGroup,MrSQM
0.05,top,50,1.1881822956724557,0.16,0.762589928057554,DistalPhalanxOutlineAgeGroup,MrSQM
0.1,bottom,50,0.3282373654742508,0.16,0.762589928057554,DistalPhalanxOutlineAgeGroup,MrSQM
0.1,random,50,1.1557821073133754,0.2533333333333333,0.762589928057554,DistalPhalanxOutlineAgeGroup,MrSQM
0.1,top,50,2.0440750392111493,0.32,0.762589928057554,DistalPhalanxOutlineAgeGroup,MrSQM
0.2,bottom,50,0.719749459119792,0.2,0.762589928057554,DistalPhalanxOutlineAgeGroup,MrSQM
0.2,random,50,2.1769064123096302,0.5133333333333333,0.762589928057554,DistalPhalanxOutlineAgeGroup,MrSQM
0.2,top,50,3.178286575425856,0.5,0.762589928057554,DistalPhalanxOutlineAgeGroup,MrSQM
0.05,bottom,50,0.290911843077198,0.04,0.7717391304347826,DistalPhalanxOutlineCorrect,MrSQM
0.05,random,50,1.221664557671024,0.18,0.7717391304347826,DistalPhalanxOutlineCorrect,MrSQM
0.05,top,50,2.464427580845645,0.44,0.7717391304347826,DistalPhalanxOutlineCorrect,MrSQM
0.1,bottom,50,0.5280749835226206,0.08,0.7717391304347826,DistalPhalanxOutlineCorrect,MrSQM
0.1,random,50,1.602035653198825,0.28,0.7717391304347826,DistalPhalanxOutlineCorrect,MrSQM
0.1,top,50,2.992008030042615,0.58,0.7717391304347826,DistalPhalanxOutlineCorrect,MrSQM
0.2,bottom,50,0.986917493821298,0.14,0.7717391304347826,DistalPhalanxOutlineCorrect,MrSQM
0.2,random,50,2.313987822096975,0.4533333333333333,0.7717391304347826,DistalPhalanxOutlineCorrect,MrSQM
0.2,top,50,3.276282142524301,0.62,0.7717391304347826,DistalPhalanxOutlineCorrect,MrSQM
0.05,bottom,50,0.9333117848761202,0.02,0.6690647482014388,DistalPhalanxTW,MrSQM
0.05,random,50,2.0657230574807035,0.0666666666666666,0.6690647482014388,DistalPhalanxTW,MrSQM
0.05,top,50,3.38591644032965,0.08,0.6690647482014388,DistalPhalanxTW,MrSQM
0.1,bottom,50,1.349031426030485,0.04,0.6690647482014388,DistalPhalanxTW,MrSQM
0.1,random,50,3.133733419629396,0.06,0.6690647482014388,DistalPhalanxTW,MrSQM
0.1,top,50,4.164580020598589,0.12,0.6690647482014388,DistalPhalanxTW,MrSQM
0.2,bottom,50,2.4289003926808963,0.04,0.6690647482014388,DistalPhalanxTW,MrSQM
0.2,random,50,3.886984792344516,0.16,0.6690647482014388,DistalPhalanxTW,MrSQM
0.2,top,50,4.589066609805579,0.2,0.6690647482014388,DistalPhalanxTW,MrSQM
0.05,bottom,46,0.1667038434721207,0.108695652173913,0.5974025974025974,DodgerLoopDay,MrSQM
0.05,random,46,0.3824707598507199,0.1666666666666666,0.5974025974025974,DodgerLoopDay,MrSQM
0.05,top,46,0.4318030555461565,0.108695652173913,0.5974025974025974,DodgerLoopDay,MrSQM
0.1,bottom,46,0.5241377256926326,0.1739130434782608,0.5974025974025974,DodgerLoopDay,MrSQM
0.1,random,46,0.8297842866234864,0.3115942028985507,0.5974025974025974,DodgerLoopDay,MrSQM
0.1,top,46,1.042510409953692,0.2391304347826087,0.5974025974025974,DodgerLoopDay,MrSQM
0.2,bottom,46,1.0077803744883025,0.4347826086956521,0.5974025974025974,DodgerLoopDay,MrSQM
0.2,random,46,1.6707945035455058,0.4130434782608695,0.5974025974025974,DodgerLoopDay,MrSQM
0.2,top,46,2.053099289395234,0.6086956521739131,0.5974025974025974,DodgerLoopDay,MrSQM
0.05,bottom,50,0.1376893294150163,0.16,0.7716535433070866,DodgerLoopGame,MrSQM
0.05,random,50,0.1785020057569446,0.1533333333333333,0.7716535433070866,DodgerLoopGame,MrSQM
0.05,top,50,0.2249448037818812,0.12,0.7716535433070866,DodgerLoopGame,MrSQM
0.1,bottom,50,0.1896687610562105,0.14,0.7716535433070866,DodgerLoopGame,MrSQM
0.1,random,50,0.2279280312390165,0.1466666666666666,0.7716535433070866,DodgerLoopGame,MrSQM
0.1,top,50,0.3394366716599106,0.28,0.7716535433070866,DodgerLoopGame,MrSQM
0.2,bottom,50,0.2376899375807749,0.2,0.7716535433070866,DodgerLoopGame,MrSQM
0.2,random,50,0.2486167991355439,0.1466666666666666,0.7716535433070866,DodgerLoopGame,MrSQM
0.2,top,50,0.4640578036446956,0.42,0.7716535433070866,DodgerLoopGame,MrSQM
0.05,bottom,50,0.0939490813270916,0.0,0.9603174603174603,DodgerLoopWeekend,MrSQM
0.05,random,50,0.3181773586715651,0.0399999999999999,0.9603174603174603,DodgerLoopWeekend,MrSQM
0.05,top,50,0.6453503646579806,0.1,0.9603174603174603,DodgerLoopWeekend,MrSQM
0.1,bottom,50,0.2288324472107178,0.02,0.9603174603174603,DodgerLoopWeekend,MrSQM
0.1,random,50,0.5496413704006354,0.12,0.9603174603174603,DodgerLoopWeekend,MrSQM
0.1,top,50,1.442459375970846,0.24,0.9603174603174603,DodgerLoopWeekend,MrSQM
0.2,bottom,50,0.1997548591714713,0.04,0.9603174603174603,DodgerLoopWeekend,MrSQM
0.2,random,50,0.8865688006343254,0.2466666666666666,0.9603174603174603,DodgerLoopWeekend,MrSQM
0.2,top,50,2.392923611382651,0.92,0.9603174603174603,DodgerLoopWeekend,MrSQM
0.05,bottom,50,0.1586963835765272,0.04,0.87,ECG200,MrSQM
0.05,random,50,0.7452881520381348,0.0466666666666666,0.87,ECG200,MrSQM
0.05,top,50,1.0646004345219349,0.06,0.87,ECG200,MrSQM
0.1,bottom,50,0.3635031732131676,0.06,0.87,ECG200,MrSQM
0.1,random,50,1.0658974805936738,0.0533333333333333,0.87,ECG200,MrSQM
0.1,top,50,1.5386545461190813,0.1,0.87,ECG200,MrSQM
0.2,bottom,50,0.7187685341622833,0.06,0.87,ECG200,MrSQM
0.2,random,50,1.597232404392316,0.1,0.87,ECG200,MrSQM
0.2,top,50,1.960818482839538,0.22,0.87,ECG200,MrSQM
0.05,bottom,50,0.0209586180707855,0.0,0.9457777777777778,ECG5000,MrSQM
0.05,random,50,0.5871890096471303,0.0,0.9457777777777778,ECG5000,MrSQM
0.05,top,50,2.4427628422512693,0.0,0.9457777777777778,ECG5000,MrSQM
0.1,bottom,50,0.3940272984223659,0.0,0.9457777777777778,ECG5000,MrSQM
0.1,random,50,1.1794859969278486,0.0,0.9457777777777778,ECG5000,MrSQM
0.1,top,50,4.137158027658971,0.02,0.9457777777777778,ECG5000,MrSQM
0.2,bottom,50,0.7685889341964364,0.0,0.9457777777777778,ECG5000,MrSQM
0.2,random,50,2.1658700124902768,0.02,0.9457777777777778,ECG5000,MrSQM
0.2,top,50,6.232774328422767,0.2,0.9457777777777778,ECG5000,MrSQM
0.05,bottom,50,0.0053290394152616,0.0,0.9988385598141696,ECGFiveDays,MrSQM
0.05,random,50,0.2711588359078776,0.0466666666666666,0.9988385598141696,ECGFiveDays,MrSQM
0.05,top,50,1.0990335895595176,0.24,0.9988385598141696,ECGFiveDays,MrSQM
0.1,bottom,50,0.0121396704400662,0.0,0.9988385598141696,ECGFiveDays,MrSQM
0.1,random,50,0.4618638890271443,0.1,0.9988385598141696,ECGFiveDays,MrSQM
0.1,top,50,1.4394952979143023,0.28,0.9988385598141696,ECGFiveDays,MrSQM
0.2,bottom,50,0.0631772230547789,0.0,0.9988385598141696,ECGFiveDays,MrSQM
0.2,random,50,0.755723389559434,0.1066666666666666,0.9988385598141696,ECGFiveDays,MrSQM
0.2,top,50,1.8595312860946367,0.5,0.9988385598141696,ECGFiveDays,MrSQM
0.05,bottom,50,0.4417589251741565,0.18,0.6104972375690608,EOGHorizontalSignal,MrSQM
0.05,random,50,0.5161919723799283,0.2,0.6104972375690608,EOGHorizontalSignal,MrSQM
0.05,top,50,0.5985418259180624,0.32,0.6104972375690608,EOGHorizontalSignal,MrSQM
0.1,bottom,50,0.5654599047593858,0.22,0.6104972375690608,EOGHorizontalSignal,MrSQM
0.1,random,50,0.8735974684153822,0.3266666666666666,0.6104972375690608,EOGHorizontalSignal,MrSQM
0.1,top,50,0.9093679410792396,0.42,0.6104972375690608,EOGHorizontalSignal,MrSQM
0.2,bottom,50,1.2666066249711372,0.42,0.6104972375690608,EOGHorizontalSignal,MrSQM
0.2,random,50,1.3720614654685794,0.4266666666666666,0.6104972375690608,EOGHorizontalSignal,MrSQM
0.2,top,50,0.9845327573327718,0.34,0.6104972375690608,EOGHorizontalSignal,MrSQM
0.05,bottom,50,0.5969279018375133,0.14,0.4475138121546961,EOGVerticalSignal,MrSQM
0.05,random,50,0.578232172530345,0.1533333333333333,0.4475138121546961,EOGVerticalSignal,MrSQM
0.05,top,50,0.9551144455620836,0.32,0.4475138121546961,EOGVerticalSignal,MrSQM
0.1,bottom,50,1.0158312597260994,0.2,0.4475138121546961,EOGVerticalSignal,MrSQM
0.1,random,50,1.010750068440241,0.1933333333333333,0.4475138121546961,EOGVerticalSignal,MrSQM
0.1,top,50,2.0331211101877176,0.54,0.4475138121546961,EOGVerticalSignal,MrSQM
0.2,bottom,50,1.3148621645224094,0.22,0.4475138121546961,EOGVerticalSignal,MrSQM
0.2,random,50,1.5949420699939525,0.36,0.4475138121546961,EOGVerticalSignal,MrSQM
0.2,top,50,2.97091128528834,0.58,0.4475138121546961,EOGVerticalSignal,MrSQM
0.05,bottom,50,0.1707355316773129,0.02,0.7697841726618705,Earthquakes,MrSQM
0.05,random,50,0.0714295483304374,0.0,0.7697841726618705,Earthquakes,MrSQM
0.05,top,50,0.1588264080643002,0.0,0.7697841726618705,Earthquakes,MrSQM
0.1,bottom,50,0.2728146014849308,0.0,0.7697841726618705,Earthquakes,MrSQM
0.1,random,50,0.0485673753462268,0.0066666666666666,0.7697841726618705,Earthquakes,MrSQM
0.1,top,50,0.2609652814164911,0.0,0.7697841726618705,Earthquakes,MrSQM
0.2,bottom,50,0.0992085268398405,0.0,0.7697841726618705,Earthquakes,MrSQM
0.2,random,50,0.1322736114715021,0.0,0.7697841726618705,Earthquakes,MrSQM
0.2,top,50,0.4962390404911774,0.0,0.7697841726618705,Earthquakes,MrSQM
0.05,bottom,50,2.0109339317265302,0.2,0.7560627674750356,ElectricDevices,MrSQM
0.05,random,50,3.7199378946402426,0.38,0.7560627674750356,ElectricDevices,MrSQM
0.05,top,50,0.1299444138600548,0.1,0.7560627674750356,ElectricDevices,MrSQM
0.1,bottom,50,2.806326707703136,0.36,0.7560627674750356,ElectricDevices,MrSQM
0.1,random,50,4.421509891761026,0.4733333333333333,0.7560627674750356,ElectricDevices,MrSQM
0.1,top,50,2.5167065312830057,0.26,0.7560627674750356,ElectricDevices,MrSQM
0.2,bottom,50,6.005542029856574,0.6,0.7560627674750356,ElectricDevices,MrSQM
0.2,random,50,5.969447080977554,0.5466666666666666,0.7560627674750356,ElectricDevices,MrSQM
0.2,top,50,9.035387741984056,0.78,0.7560627674750356,ElectricDevices,MrSQM
0.05,bottom,50,0.3046343537288649,0.04,0.586,EthanolLevel,MrSQM
0.05,random,50,0.5768727220098929,0.1333333333333333,0.586,EthanolLevel,MrSQM
0.05,top,50,1.0510483518204112,0.24,0.586,EthanolLevel,MrSQM
0.1,bottom,50,0.2930013911320891,0.04,0.586,EthanolLevel,MrSQM
0.1,random,50,0.6435518513531209,0.2133333333333333,0.586,EthanolLevel,MrSQM
0.1,top,50,1.613215557200194,0.42,0.586,EthanolLevel,MrSQM
0.2,bottom,50,0.3122692669057688,0.1,0.586,EthanolLevel,MrSQM
0.2,random,50,0.8943015094073692,0.2333333333333333,0.586,EthanolLevel,MrSQM
0.2,top,50,2.008920385245548,0.5,0.586,EthanolLevel,MrSQM
0.05,bottom,50,0.5467246699854854,0.0,0.8071005917159764,FaceAll,MrSQM
0.05,random,50,2.4056088707462187,0.0066666666666666,0.8071005917159764,FaceAll,MrSQM
0.05,top,50,4.732445254620289,0.0,0.8071005917159764,FaceAll,MrSQM
0.1,bottom,50,1.029221107206325,0.0,0.8071005917159764,FaceAll,MrSQM
0.1,random,50,3.543829530112337,0.0,0.8071005917159764,FaceAll,MrSQM
0.1,top,50,6.932981491115617,0.1,0.8071005917159764,FaceAll,MrSQM
0.2,bottom,50,2.030390693035653,0.0,0.8071005917159764,FaceAll,MrSQM
0.2,random,50,5.317007616654268,0.1066666666666666,0.8071005917159764,FaceAll,MrSQM
0.2,top,50,8.975445426813758,0.42,0.8071005917159764,FaceAll,MrSQM
0.05,bottom,50,0.1782934133849738,0.0,1.0,FaceFour,MrSQM
0.05,random,50,0.655995274351032,0.0,1.0,FaceFour,MrSQM
0.05,top,50,0.7684552121125963,0.0,1.0,FaceFour,MrSQM
0.1,bottom,50,0.4683771042556653,0.0,1.0,FaceFour,MrSQM
0.1,random,50,0.9245941441765732,0.0133333333333333,1.0,FaceFour,MrSQM
0.1,top,50,1.221517422676352,0.02,1.0,FaceFour,MrSQM
0.2,bottom,50,0.9640994108221576,0.0,1.0,FaceFour,MrSQM
0.2,random,50,1.532155991499022,0.0733333333333333,1.0,FaceFour,MrSQM
0.2,top,50,1.804524352997097,0.1,1.0,FaceFour,MrSQM
0.05,bottom,50,0.5526841447530828,0.0,0.946341463414634,FacesUCR,MrSQM
0.05,random,50,0.8274163995517989,0.0199999999999999,0.946341463414634,FacesUCR,MrSQM
0.05,top,50,1.0386648004145127,0.02,0.946341463414634,FacesUCR,MrSQM
0.1,bottom,50,1.0307172586206723,0.02,0.946341463414634,FacesUCR,MrSQM
0.1,random,50,1.5470078095447668,0.0533333333333333,0.946341463414634,FacesUCR,MrSQM
0.1,top,50,1.9867128605959008,0.1,0.946341463414634,FacesUCR,MrSQM
0.2,bottom,50,1.798041568582292,0.02,0.946341463414634,FacesUCR,MrSQM
0.2,random,50,2.5870959677223686,0.1333333333333333,0.946341463414634,FacesUCR,MrSQM
0.2,top,50,2.862567109411844,0.18,0.946341463414634,FacesUCR,MrSQM
0.05,bottom,50,0.4838906064055069,0.02,0.7274725274725274,FiftyWords,MrSQM
0.05,random,50,0.8332217830378942,0.1066666666666666,0.7274725274725274,FiftyWords,MrSQM
0.05,top,50,1.1528747997485624,0.06,0.7274725274725274,FiftyWords,MrSQM
0.1,bottom,50,0.7843526609026202,0.06,0.7274725274725274,FiftyWords,MrSQM
0.1,random,50,1.3934204824261638,0.14,0.7274725274725274,FiftyWords,MrSQM
0.1,top,50,1.5704681901610242,0.14,0.7274725274725274,FiftyWords,MrSQM
0.2,bottom,50,1.6281270612411831,0.18,0.7274725274725274,FiftyWords,MrSQM
0.2,random,50,1.9949660971340968,0.1733333333333333,0.7274725274725274,FiftyWords,MrSQM
0.2,top,50,2.4033464974318552,0.14,0.7274725274725274,FiftyWords,MrSQM
0.05,bottom,50,0.4221392163814446,0.02,0.9714285714285714,Fish,MrSQM
0.05,random,50,1.941142318605793,0.0933333333333333,0.9714285714285714,Fish,MrSQM
0.05,top,50,2.745331658707215,0.1,0.9714285714285714,Fish,MrSQM
0.1,bottom,50,0.4717182410929357,0.04,0.9714285714285714,Fish,MrSQM
0.1,random,50,2.2081868661726727,0.1066666666666666,0.9714285714285714,Fish,MrSQM
0.1,top,50,3.454070229145165,0.2,0.9714285714285714,Fish,MrSQM
0.2,bottom,50,1.1797357214720523,0.04,0.9714285714285714,Fish,MrSQM
0.2,random,50,3.4009564002483086,0.2066666666666666,0.9714285714285714,Fish,MrSQM
0.2,top,50,4.103908953973517,0.3,0.9714285714285714,Fish,MrSQM
0.05,bottom,50,0.1649994080524028,0.0,0.9484848484848484,FordA,MrSQM
0.05,random,50,0.4192855365168944,0.0066666666666666,0.9484848484848484,FordA,MrSQM
0.05,top,50,0.9248814565365476,0.0,0.9484848484848484,FordA,MrSQM
0.1,bottom,50,0.1312438637481511,0.0,0.9484848484848484,FordA,MrSQM
0.1,random,50,0.4997946803496731,0.0,0.9484848484848484,FordA,MrSQM
0.1,top,50,1.3345669338450024,0.02,0.9484848484848484,FordA,MrSQM
0.2,bottom,50,0.117626671017135,0.0,0.9484848484848484,FordA,MrSQM
0.2,random,50,0.955537706870642,0.0533333333333333,0.9484848484848484,FordA,MrSQM
0.2,top,50,1.6484542173785195,0.06,0.9484848484848484,FordA,MrSQM
0.05,bottom,50,-0.2965665779742601,0.04,0.8320987654320988,FordB,MrSQM
0.05,random,50,0.1383908296451209,0.0866666666666666,0.8320987654320988,FordB,MrSQM
0.05,top,50,0.5077910272704846,0.1,0.8320987654320988,FordB,MrSQM
0.1,bottom,50,-0.0779803232408446,0.04,0.8320987654320988,FordB,MrSQM
0.1,random,50,0.2976704823761806,0.0666666666666666,0.8320987654320988,FordB,MrSQM
0.1,top,50,1.0202056225791378,0.14,0.8320987654320988,FordB,MrSQM
0.2,bottom,50,-0.1943223137110671,0.08,0.8320987654320988,FordB,MrSQM
0.2,random,50,0.4551205582170829,0.1333333333333333,0.8320987654320988,FordB,MrSQM
0.2,top,50,0.7762456957354277,0.08,0.8320987654320988,FordB,MrSQM
0.05,bottom,50,0.4615793504439212,0.0,0.9936842105263158,FreezerRegularTrain,MrSQM
0.05,random,50,1.13421484231636,0.02,0.9936842105263158,FreezerRegularTrain,MrSQM
0.05,top,50,3.690328980080261,0.52,0.9936842105263158,FreezerRegularTrain,MrSQM
0.1,bottom,50,0.7071498473285912,0.0,0.9936842105263158,FreezerRegularTrain,MrSQM
0.1,random,50,1.3419971228963037,0.0666666666666666,0.9936842105263158,FreezerRegularTrain,MrSQM
0.1,top,50,3.8681286123571015,0.7,0.9936842105263158,FreezerRegularTrain,MrSQM
0.2,bottom,50,1.100850176712039,0.0,0.9936842105263158,FreezerRegularTrain,MrSQM
0.2,random,50,1.5935232893301736,0.1066666666666666,0.9936842105263158,FreezerRegularTrain,MrSQM
0.2,top,50,3.653503938812293,0.48,0.9936842105263158,FreezerRegularTrain,MrSQM
0.05,bottom,50,0.3681761120070609,0.0,0.9480701754385964,FreezerSmallTrain,MrSQM
0.05,random,50,0.5121560971364671,0.0066666666666666,0.9480701754385964,FreezerSmallTrain,MrSQM
0.05,top,50,1.2609497501288702,0.12,0.9480701754385964,FreezerSmallTrain,MrSQM
0.1,bottom,50,0.4664505653534454,0.0,0.9480701754385964,FreezerSmallTrain,MrSQM
0.1,random,50,0.6656353916409162,0.02,0.9480701754385964,FreezerSmallTrain,MrSQM
0.1,top,50,1.397778700876442,0.2,0.9480701754385964,FreezerSmallTrain,MrSQM
0.2,bottom,50,0.8650061801723216,0.02,0.9480701754385964,FreezerSmallTrain,MrSQM
0.2,random,50,0.860375756022098,0.0533333333333333,0.9480701754385964,FreezerSmallTrain,MrSQM
0.2,top,50,1.1038548357183755,0.14,0.9480701754385964,FreezerSmallTrain,MrSQM
0.05,bottom,50,0.2959636694186702,0.06,0.9946236559139784,Fungi,MrSQM
0.05,random,50,0.4950578011890375,0.0666666666666666,0.9946236559139784,Fungi,MrSQM
0.05,top,50,0.5097933780606152,0.0,0.9946236559139784,Fungi,MrSQM
0.1,bottom,50,0.573852450590939,0.1,0.9946236559139784,Fungi,MrSQM
0.1,random,50,0.7281885750070611,0.1333333333333333,0.9946236559139784,Fungi,MrSQM
0.1,top,50,0.7172314806070613,0.02,0.9946236559139784,Fungi,MrSQM
0.2,bottom,50,1.1334287064628077,0.32,0.9946236559139784,Fungi,MrSQM
0.2,random,50,1.002267603672469,0.2,0.9946236559139784,Fungi,MrSQM
0.2,top,50,1.2525559280987688,0.16,0.9946236559139784,Fungi,MrSQM
0.05,bottom,50,0.4529178160365237,0.1,0.7153846153846154,GestureMidAirD1,MrSQM
0.05,random,50,0.6019351828323903,0.1133333333333333,0.7153846153846154,GestureMidAirD1,MrSQM
0.05,top,50,1.5047833437092593,0.28,0.7153846153846154,GestureMidAirD1,MrSQM
0.1,bottom,50,0.6205105547312086,0.08,0.7153846153846154,GestureMidAirD1,MrSQM
0.1,random,50,0.8019347905010169,0.1533333333333333,0.7153846153846154,GestureMidAirD1,MrSQM
0.1,top,50,2.0051171395594265,0.4,0.7153846153846154,GestureMidAirD1,MrSQM
0.2,bottom,50,1.0642656967898427,0.12,0.7153846153846154,GestureMidAirD1,MrSQM
0.2,random,50,1.6342784412945632,0.3133333333333333,0.7153846153846154,GestureMidAirD1,MrSQM
0.2,top,50,2.751111989982,0.58,0.7153846153846154,GestureMidAirD1,MrSQM
0.05,bottom,50,0.5462448880204595,0.1,0.6538461538461539,GestureMidAirD2,MrSQM
0.05,random,50,0.7860408515416465,0.2466666666666666,0.6538461538461539,GestureMidAirD2,MrSQM
0.05,top,50,0.8481022488897503,0.3,0.6538461538461539,GestureMidAirD2,MrSQM
0.1,bottom,50,0.9378754491345912,0.2,0.6538461538461539,GestureMidAirD2,MrSQM
0.1,random,50,1.0717366335190364,0.24,0.6538461538461539,GestureMidAirD2,MrSQM
0.1,top,50,1.426913857741298,0.42,0.6538461538461539,GestureMidAirD2,MrSQM
0.2,bottom,50,1.1794388143595136,0.2,0.6538461538461539,GestureMidAirD2,MrSQM
0.2,random,50,1.9452404873457183,0.4,0.6538461538461539,GestureMidAirD2,MrSQM
0.2,top,50,2.6656768912023465,0.62,0.6538461538461539,GestureMidAirD2,MrSQM
0.05,bottom,50,0.3516659553666275,0.16,0.5307692307692308,GestureMidAirD3,MrSQM
0.05,random,50,0.5314509826717746,0.18,0.5307692307692308,GestureMidAirD3,MrSQM
0.05,top,50,0.4902964846459761,0.08,0.5307692307692308,GestureMidAirD3,MrSQM
0.1,bottom,50,0.6594223115578486,0.2,0.5307692307692308,GestureMidAirD3,MrSQM
0.1,random,50,0.864674466868138,0.2466666666666666,0.5307692307692308,GestureMidAirD3,MrSQM
0.1,top,50,1.2502126370089912,0.36,0.5307692307692308,GestureMidAirD3,MrSQM
0.2,bottom,50,0.9429786112852716,0.2,0.5307692307692308,GestureMidAirD3,MrSQM
0.2,random,50,1.5738155388508366,0.3733333333333333,0.5307692307692308,GestureMidAirD3,MrSQM
0.2,top,50,2.5089560690077333,0.68,0.5307692307692308,GestureMidAirD3,MrSQM
0.05,bottom,50,0.078238605128554,0.02,0.8953488372093024,GesturePebbleZ1,MrSQM
0.05,random,50,0.2415037186590121,0.02,0.8953488372093024,GesturePebbleZ1,MrSQM
0.05,top,50,0.6498327068235149,0.12,0.8953488372093024,GesturePebbleZ1,MrSQM
0.1,bottom,50,0.1172891461617324,0.04,0.8953488372093024,GesturePebbleZ1,MrSQM
0.1,random,50,0.3991096316323082,0.0733333333333333,0.8953488372093024,GesturePebbleZ1,MrSQM
0.1,top,50,1.0611006869130666,0.22,0.8953488372093024,GesturePebbleZ1,MrSQM
0.2,bottom,50,0.4675278912184711,0.1,0.8953488372093024,GesturePebbleZ1,MrSQM
0.2,random,50,0.9033280068925624,0.22,0.8953488372093024,GesturePebbleZ1,MrSQM
0.2,top,50,1.42659914275723,0.42,0.8953488372093024,GesturePebbleZ1,MrSQM
0.05,bottom,50,0.0634786392005221,0.02,0.9113924050632912,GesturePebbleZ2,MrSQM
0.05,random,50,0.2409634890687322,0.06,0.9113924050632912,GesturePebbleZ2,MrSQM
0.05,top,50,0.6522021708025324,0.08,0.9113924050632912,GesturePebbleZ2,MrSQM
0.1,bottom,50,0.021278969218181,0.0,0.9113924050632912,GesturePebbleZ2,MrSQM
0.1,random,50,0.3330465219634827,0.0733333333333333,0.9113924050632912,GesturePebbleZ2,MrSQM
0.1,top,50,1.0247314629512527,0.18,0.9113924050632912,GesturePebbleZ2,MrSQM
0.2,bottom,50,0.2735617090557751,0.1,0.9113924050632912,GesturePebbleZ2,MrSQM
0.2,random,50,0.7006977356602572,0.1933333333333333,0.9113924050632912,GesturePebbleZ2,MrSQM
0.2,top,50,1.7239080262261972,0.52,0.9113924050632912,GesturePebbleZ2,MrSQM
0.05,bottom,50,0.5265379722016265,0.02,1.0,GunPoint,MrSQM
0.05,random,50,0.7131664627061791,0.0066666666666666,1.0,GunPoint,MrSQM
0.05,top,50,1.2499255746000335,0.02,1.0,GunPoint,MrSQM
0.1,bottom,50,0.7168346438534644,0.0,1.0,GunPoint,MrSQM
0.1,random,50,1.032812840283292,0.02,1.0,GunPoint,MrSQM
0.1,top,50,1.5948264958305665,0.16,1.0,GunPoint,MrSQM
0.2,bottom,50,1.055630327287666,0.02,1.0,GunPoint,MrSQM
0.2,random,50,1.430665814845817,0.12,1.0,GunPoint,MrSQM
0.2,top,50,1.8728451225428315,0.22,1.0,GunPoint,MrSQM
0.05,bottom,50,0.3455355468700685,0.0,0.9968354430379748,GunPointAgeSpan,MrSQM
0.05,random,50,0.5728242414948506,0.0,0.9968354430379748,GunPointAgeSpan,MrSQM
0.05,top,50,0.781017528067011,0.0,0.9968354430379748,GunPointAgeSpan,MrSQM
0.1,bottom,50,0.2516504621337038,0.0,0.9968354430379748,GunPointAgeSpan,MrSQM
0.1,random,50,0.7101087705290331,0.0,0.9968354430379748,GunPointAgeSpan,MrSQM
0.1,top,50,0.8491944482551426,0.0,0.9968354430379748,GunPointAgeSpan,MrSQM
0.2,bottom,50,0.982020689861108,0.0,0.9968354430379748,GunPointAgeSpan,MrSQM
0.2,random,50,1.4315166934251655,0.0066666666666666,0.9968354430379748,GunPointAgeSpan,MrSQM
0.2,top,50,1.3498441787035922,0.0,0.9968354430379748,GunPointAgeSpan,MrSQM
0.05,bottom,50,-0.1879197106442836,0.0,0.9936708860759492,GunPointMaleVersusFemale,MrSQM
0.05,random,50,0.3902343989559357,0.0,0.9936708860759492,GunPointMaleVersusFemale,MrSQM
0.05,top,50,0.6509316201850985,0.0,0.9936708860759492,GunPointMaleVersusFemale,MrSQM
0.1,bottom,50,-0.1926760370804284,0.0,0.9936708860759492,GunPointMaleVersusFemale,MrSQM
0.1,random,50,0.5007750878299495,0.0,0.9936708860759492,GunPointMaleVersusFemale,MrSQM
0.1,top,50,1.004881749204677,0.0,0.9936708860759492,GunPointMaleVersusFemale,MrSQM
0.2,bottom,50,-0.0548622856551274,0.0,0.9936708860759492,GunPointMaleVersusFemale,MrSQM
0.2,random,50,1.010500950605241,0.0,0.9936708860759492,GunPointMaleVersusFemale,MrSQM
0.2,top,50,1.5630263473393151,0.0,0.9936708860759492,GunPointMaleVersusFemale,MrSQM
0.05,bottom,50,0.7151326294265239,0.04,0.9904761904761904,GunPointOldVersusYoung,MrSQM
0.05,random,50,0.7620430552890417,0.0533333333333333,0.9904761904761904,GunPointOldVersusYoung,MrSQM
0.05,top,50,1.382333560471752,0.02,0.9904761904761904,GunPointOldVersusYoung,MrSQM
0.1,bottom,50,0.9486437056505584,0.04,0.9904761904761904,GunPointOldVersusYoung,MrSQM
0.1,random,50,1.0209197974009294,0.06,0.9904761904761904,GunPointOldVersusYoung,MrSQM
0.1,top,50,1.4478394216000827,0.08,0.9904761904761904,GunPointOldVersusYoung,MrSQM
0.2,bottom,50,1.5975749357387707,0.12,0.9904761904761904,GunPointOldVersusYoung,MrSQM
0.2,random,50,1.5354998293297022,0.1066666666666666,0.9904761904761904,GunPointOldVersusYoung,MrSQM
0.2,top,50,1.7552580601742624,0.24,0.9904761904761904,GunPointOldVersusYoung,MrSQM
0.05,bottom,50,0.0567676179512444,0.02,0.7238095238095238,Ham,MrSQM
0.05,random,50,0.2574709860084987,0.0866666666666666,0.7238095238095238,Ham,MrSQM
0.05,top,50,0.6584730883698117,0.26,0.7238095238095238,Ham,MrSQM
0.1,bottom,50,0.1602979583062362,0.06,0.7238095238095238,Ham,MrSQM
0.1,random,50,0.3446569619831398,0.1133333333333333,0.7238095238095238,Ham,MrSQM
0.1,top,50,0.9887532267790032,0.36,0.7238095238095238,Ham,MrSQM
0.2,bottom,50,0.2143536297031627,0.0,0.7238095238095238,Ham,MrSQM
0.2,random,50,0.5790375946177558,0.1266666666666666,0.7238095238095238,Ham,MrSQM
0.2,top,50,1.2329243544912505,0.36,0.7238095238095238,Ham,MrSQM
0.05,bottom,50,0.9170892698991282,0.06,0.9351351351351352,HandOutlines,MrSQM
0.05,random,50,1.555360172491486,0.2466666666666666,0.9351351351351352,HandOutlines,MrSQM
0.05,top,50,2.332476971782673,0.44,0.9351351351351352,HandOutlines,MrSQM
0.1,bottom,50,1.34464092898701,0.14,0.9351351351351352,HandOutlines,MrSQM
0.1,random,50,2.526159360813046,0.4333333333333333,0.9351351351351352,HandOutlines,MrSQM
0.1,top,50,3.781371636241072,0.62,0.9351351351351352,HandOutlines,MrSQM
0.2,bottom,50,0.8208564817622721,0.12,0.9351351351351352,HandOutlines,MrSQM
0.2,random,50,3.216638790720116,0.5466666666666666,0.9351351351351352,HandOutlines,MrSQM
0.2,top,50,4.307151051477849,0.7,0.9351351351351352,HandOutlines,MrSQM
0.05,bottom,50,0.694965530657613,0.16,0.5551948051948052,Haptics,MrSQM
0.05,random,50,0.6264018192859047,0.1066666666666666,0.5551948051948052,Haptics,MrSQM
0.05,top,50,0.6195847610120482,0.1,0.5551948051948052,Haptics,MrSQM
0.1,bottom,50,0.918309222456674,0.24,0.5551948051948052,Haptics,MrSQM
0.1,random,50,0.9866400988933638,0.2066666666666666,0.5551948051948052,Haptics,MrSQM
0.1,top,50,0.9706416048177698,0.14,0.5551948051948052,Haptics,MrSQM
0.2,bottom,50,1.5196800283950125,0.26,0.5551948051948052,Haptics,MrSQM
0.2,random,50,1.4942036424322498,0.3333333333333332,0.5551948051948052,Haptics,MrSQM
0.2,top,50,1.2263520044778722,0.28,0.5551948051948052,Haptics,MrSQM
0.05,bottom,39,-0.0618442790198067,0.0769230769230769,0.609375,Herring,MrSQM
0.05,random,39,-0.0038149613341544,0.1025641025641025,0.609375,Herring,MrSQM
0.05,top,39,0.2878571546322572,0.1794871794871795,0.609375,Herring,MrSQM
0.1,bottom,39,-0.0599655448335729,0.0256410256410256,0.609375,Herring,MrSQM
0.1,random,39,-0.0573969639536033,0.1452991452991452,0.609375,Herring,MrSQM
0.1,top,39,0.3256883090148478,0.1794871794871795,0.609375,Herring,MrSQM
0.2,bottom,39,-0.2157199343814461,0.1538461538461538,0.609375,Herring,MrSQM
0.2,random,39,-0.0746696586310757,0.188034188034188,0.609375,Herring,MrSQM
0.2,top,39,0.3331558261922158,0.2051282051282051,0.609375,Herring,MrSQM
0.05,bottom,50,-0.0483790503874159,0.02,0.957983193277311,HouseTwenty,MrSQM
0.05,random,50,0.0036527123388953,0.0133333333333333,0.957983193277311,HouseTwenty,MrSQM
0.05,top,50,0.3499720691086961,0.08,0.957983193277311,HouseTwenty,MrSQM
0.1,bottom,50,0.0586490961763372,0.04,0.957983193277311,HouseTwenty,MrSQM
0.1,random,50,0.2265950088879179,0.0533333333333333,0.957983193277311,HouseTwenty,MrSQM
0.1,top,50,0.608806765267092,0.06,0.957983193277311,HouseTwenty,MrSQM
0.2,bottom,50,0.1532503073012132,0.04,0.957983193277311,HouseTwenty,MrSQM
0.2,random,50,0.4139508770186749,0.0733333333333333,0.957983193277311,HouseTwenty,MrSQM
0.2,top,50,1.2721253170221891,0.22,0.957983193277311,HouseTwenty,MrSQM
0.05,bottom,50,0.2293644634480872,0.14,0.4218181818181818,InlineSkate,MrSQM
0.05,random,50,0.410954734851374,0.1266666666666666,0.4218181818181818,InlineSkate,MrSQM
0.05,top,50,1.177215639940024,0.44,0.4218181818181818,InlineSkate,MrSQM
0.1,bottom,50,0.3640068825894809,0.16,0.4218181818181818,InlineSkate,MrSQM
0.1,random,50,0.7208344428956187,0.3133333333333333,0.4218181818181818,InlineSkate,MrSQM
0.1,top,50,1.507356752771163,0.46,0.4218181818181818,InlineSkate,MrSQM
0.2,bottom,50,0.5982118868374452,0.3,0.4218181818181818,InlineSkate,MrSQM
0.2,random,50,1.0464041493038756,0.4466666666666666,0.4218181818181818,InlineSkate,MrSQM
0.2,top,50,1.7404359928001276,0.58,0.4218181818181818,InlineSkate,MrSQM
0.05,bottom,50,0.065459524978281,0.0,0.9959839357429718,InsectEPGRegularTrain,MrSQM
0.05,random,50,0.1307239726513515,0.0,0.9959839357429718,InsectEPGRegularTrain,MrSQM
0.05,top,50,0.293896198907479,0.0,0.9959839357429718,InsectEPGRegularTrain,MrSQM
0.1,bottom,50,0.1039572831744037,0.0,0.9959839357429718,InsectEPGRegularTrain,MrSQM
0.1,random,50,0.250393703718162,0.0,0.9959839357429718,InsectEPGRegularTrain,MrSQM
0.1,top,50,0.4769787121074907,0.0,0.9959839357429718,InsectEPGRegularTrain,MrSQM
0.2,bottom,50,0.3684346832664346,0.0,0.9959839357429718,InsectEPGRegularTrain,MrSQM
0.2,random,50,0.6891052382023694,0.0,0.9959839357429718,InsectEPGRegularTrain,MrSQM
0.2,top,50,1.0749823991665317,0.0,0.9959839357429718,InsectEPGRegularTrain,MrSQM
0.05,bottom,50,0.0875915152415609,0.0,0.9477911646586346,InsectEPGSmallTrain,MrSQM
0.05,random,50,0.1657170306931734,0.0,0.9477911646586346,InsectEPGSmallTrain,MrSQM
0.05,top,50,0.3307355060674936,0.02,0.9477911646586346,InsectEPGSmallTrain,MrSQM
0.1,bottom,50,0.1341112274293095,0.0,0.9477911646586346,InsectEPGSmallTrain,MrSQM
0.1,random,50,0.3639659291507558,0.0066666666666666,0.9477911646586346,InsectEPGSmallTrain,MrSQM
0.1,top,50,0.5197761226641036,0.02,0.9477911646586346,InsectEPGSmallTrain,MrSQM
0.2,bottom,50,0.2570094979094869,0.0,0.9477911646586346,InsectEPGSmallTrain,MrSQM
0.2,random,50,0.7049705142150811,0.0333333333333333,0.9477911646586346,InsectEPGSmallTrain,MrSQM
0.2,top,50,1.0236556191211412,0.02,0.9477911646586346,InsectEPGSmallTrain,MrSQM
0.05,bottom,50,0.4769144253578606,0.1,0.6287878787878788,InsectWingbeatSound,MrSQM
0.05,random,50,0.6619429520768394,0.0733333333333333,0.6287878787878788,InsectWingbeatSound,MrSQM
0.05,top,50,0.9045885854668224,0.08,0.6287878787878788,InsectWingbeatSound,MrSQM
0.1,bottom,50,0.8687318607742276,0.12,0.6287878787878788,InsectWingbeatSound,MrSQM
0.1,random,50,1.128612523998057,0.1533333333333333,0.6287878787878788,InsectWingbeatSound,MrSQM
0.1,top,50,1.2145751450533138,0.12,0.6287878787878788,InsectWingbeatSound,MrSQM
0.2,bottom,50,1.1703915186137472,0.12,0.6287878787878788,InsectWingbeatSound,MrSQM
0.2,random,50,1.8194989157186905,0.1933333333333333,0.6287878787878788,InsectWingbeatSound,MrSQM
0.2,top,50,1.9062405470281325,0.18,0.6287878787878788,InsectWingbeatSound,MrSQM
0.05,bottom,50,0.1065867126685962,0.04,0.9494655004859086,ItalyPowerDemand,MrSQM
0.05,random,50,0.4301693295839059,0.0533333333333333,0.9494655004859086,ItalyPowerDemand,MrSQM
0.05,top,50,0.6397089743696626,0.08,0.9494655004859086,ItalyPowerDemand,MrSQM
0.1,bottom,50,0.269265097569473,0.04,0.9494655004859086,ItalyPowerDemand,MrSQM
0.1,random,50,0.6434398434062456,0.06,0.9494655004859086,ItalyPowerDemand,MrSQM
0.1,top,50,1.197457074225323,0.18,0.9494655004859086,ItalyPowerDemand,MrSQM
0.2,bottom,50,0.7643163648679888,0.16,0.9494655004859086,ItalyPowerDemand,MrSQM
0.2,random,50,1.1796874751858482,0.28,0.9494655004859086,ItalyPowerDemand,MrSQM
0.2,top,50,1.291895499206431,0.26,0.9494655004859086,ItalyPowerDemand,MrSQM
0.05,bottom,50,3.0053290650203546,0.58,0.8933333333333333,LargeKitchenAppliances,MrSQM
0.05,random,50,2.79783556413375,0.5266666666666666,0.8933333333333333,LargeKitchenAppliances,MrSQM
0.05,top,50,3.5708717870293394,0.62,0.8933333333333333,LargeKitchenAppliances,MrSQM
0.1,bottom,50,2.2434107217272232,0.42,0.8933333333333333,LargeKitchenAppliances,MrSQM
0.1,random,50,2.850230899661045,0.5133333333333333,0.8933333333333333,LargeKitchenAppliances,MrSQM
0.1,top,50,6.2216332738341,0.78,0.8933333333333333,LargeKitchenAppliances,MrSQM
0.2,bottom,50,1.798326082108991,0.26,0.8933333333333333,LargeKitchenAppliances,MrSQM
0.2,random,50,3.2274892745366035,0.54,0.8933333333333333,LargeKitchenAppliances,MrSQM
0.2,top,50,7.735965166546189,0.9,0.8933333333333333,LargeKitchenAppliances,MrSQM
0.05,bottom,45,0.0658413203152804,0.0,0.7377049180327869,Lightning2,MrSQM
0.05,random,45,0.1045211147529971,0.0666666666666666,0.7377049180327869,Lightning2,MrSQM
0.05,top,45,0.3149127161663666,0.1333333333333333,0.7377049180327869,Lightning2,MrSQM
0.1,bottom,45,0.1196812562513084,0.0,0.7377049180327869,Lightning2,MrSQM
0.1,random,45,0.2039422278484051,0.0666666666666666,0.7377049180327869,Lightning2,MrSQM
0.1,top,45,0.4318836187314109,0.0888888888888888,0.7377049180327869,Lightning2,MrSQM
0.2,bottom,45,0.3538051088157048,0.0444444444444444,0.7377049180327869,Lightning2,MrSQM
0.2,random,45,0.3715757969048694,0.1111111111111111,0.7377049180327869,Lightning2,MrSQM
0.2,top,45,0.5870628312960907,0.1111111111111111,0.7377049180327869,Lightning2,MrSQM
0.05,bottom,49,0.2235681782658922,0.0408163265306122,0.6712328767123288,Lightning7,MrSQM
0.05,random,49,0.2107479326768491,0.0136054421768707,0.6712328767123288,Lightning7,MrSQM
0.05,top,49,0.3941557079449748,0.1020408163265306,0.6712328767123288,Lightning7,MrSQM
0.1,bottom,49,0.3404055481357835,0.0408163265306122,0.6712328767123288,Lightning7,MrSQM
0.1,random,49,0.564141922335891,0.1224489795918367,0.6712328767123288,Lightning7,MrSQM
0.1,top,49,0.7182139473617275,0.1224489795918367,0.6712328767123288,Lightning7,MrSQM
0.2,bottom,49,0.5709460684425448,0.0408163265306122,0.6712328767123288,Lightning7,MrSQM
0.2,random,49,0.9288524710117018,0.1700680272108843,0.6712328767123288,Lightning7,MrSQM
0.2,top,49,1.560219383253123,0.2040816326530612,0.6712328767123288,Lightning7,MrSQM
0.05,bottom,50,0.4689981696782092,0.04,0.942004264392324,Mallat,MrSQM
0.05,random,50,1.3065641363385505,0.06,0.942004264392324,Mallat,MrSQM
0.05,top,50,1.7187886588158774,0.04,0.942004264392324,Mallat,MrSQM
0.1,bottom,50,0.9087553027683964,0.06,0.942004264392324,Mallat,MrSQM
0.1,random,50,1.930470641357348,0.1133333333333333,0.942004264392324,Mallat,MrSQM
0.1,top,50,2.352532984986192,0.2,0.942004264392324,Mallat,MrSQM
0.2,bottom,50,1.7589464474822016,0.1,0.942004264392324,Mallat,MrSQM
0.2,random,50,2.7930856893392177,0.2066666666666666,0.942004264392324,Mallat,MrSQM
0.2,top,50,3.423414807216844,0.48,0.942004264392324,Mallat,MrSQM
0.05,bottom,50,0.4598337658957597,0.0,0.8833333333333333,Meat,MrSQM
0.05,random,50,1.4017417661748426,0.0333333333333333,0.8833333333333333,Meat,MrSQM
0.05,top,50,2.360791468244015,0.0,0.8833333333333333,Meat,MrSQM
0.1,bottom,50,0.6507752084919762,0.0,0.8833333333333333,Meat,MrSQM
0.1,random,50,1.5700674969638329,0.0333333333333333,0.8833333333333333,Meat,MrSQM
0.1,top,50,2.6084396802473213,0.02,0.8833333333333333,Meat,MrSQM
0.2,bottom,50,0.8310669759648479,0.02,0.8833333333333333,Meat,MrSQM
0.2,random,50,2.0901921246392106,0.0133333333333333,0.8833333333333333,Meat,MrSQM
0.2,top,50,2.9108262634237128,0.02,0.8833333333333333,Meat,MrSQM
0.05,bottom,50,0.8092896128324455,0.06,0.675,MedicalImages,MrSQM
0.05,random,50,0.9891848522836852,0.1066666666666666,0.675,MedicalImages,MrSQM
0.05,top,50,1.066241387361962,0.12,0.675,MedicalImages,MrSQM
0.1,bottom,50,1.2708070729159804,0.12,0.675,MedicalImages,MrSQM
0.1,random,50,1.575992904978337,0.1933333333333333,0.675,MedicalImages,MrSQM
0.1,top,50,1.5029027040387686,0.16,0.675,MedicalImages,MrSQM
0.2,bottom,50,1.7747344382290993,0.22,0.675,MedicalImages,MrSQM
0.2,random,50,2.040875744444849,0.2133333333333333,0.675,MedicalImages,MrSQM
0.2,top,50,2.201687802218302,0.28,0.675,MedicalImages,MrSQM
0.05,bottom,50,0.9840754865823352,0.08,0.8822768434670116,MelbournePedestrian,MrSQM
0.05,random,50,3.842448774663609,0.2733333333333333,0.8822768434670116,MelbournePedestrian,MrSQM
0.05,top,50,3.781682726828846,0.28,0.8822768434670116,MelbournePedestrian,MrSQM
0.1,bottom,50,1.4976898008419377,0.08,0.8822768434670116,MelbournePedestrian,MrSQM
0.1,random,50,5.1666835174950565,0.46,0.8822768434670116,MelbournePedestrian,MrSQM
0.1,top,50,5.253511436844711,0.44,0.8822768434670116,MelbournePedestrian,MrSQM
0.2,bottom,50,3.008072614799445,0.28,0.8822768434670116,MelbournePedestrian,MrSQM
0.2,random,50,8.236031723209443,0.8666666666666667,0.8822768434670116,MelbournePedestrian,MrSQM
0.2,top,50,7.753711039382058,0.88,0.8822768434670116,MelbournePedestrian,MrSQM
0.05,bottom,50,0.4581664716371112,0.14,0.5454545454545454,MiddlePhalanxOutlineAgeGroup,MrSQM
0.05,random,50,0.8379691044633307,0.2533333333333333,0.5454545454545454,MiddlePhalanxOutlineAgeGroup,MrSQM
0.05,top,50,0.9731213838178656,0.3,0.5454545454545454,MiddlePhalanxOutlineAgeGroup,MrSQM
0.1,bottom,50,0.7067375861606646,0.12,0.5454545454545454,MiddlePhalanxOutlineAgeGroup,MrSQM
0.1,random,50,1.333765198181308,0.3133333333333333,0.5454545454545454,MiddlePhalanxOutlineAgeGroup,MrSQM
0.1,top,50,1.290985033586591,0.38,0.5454545454545454,MiddlePhalanxOutlineAgeGroup,MrSQM
0.2,bottom,50,1.840476067156589,0.44,0.5454545454545454,MiddlePhalanxOutlineAgeGroup,MrSQM
0.2,random,50,2.4053844828187665,0.6333333333333333,0.5454545454545454,MiddlePhalanxOutlineAgeGroup,MrSQM
0.2,top,50,2.449848458823634,0.52,0.5454545454545454,MiddlePhalanxOutlineAgeGroup,MrSQM
0.05,bottom,50,0.4759036820498183,0.18,0.7835051546391752,MiddlePhalanxOutlineCorrect,MrSQM
0.05,random,50,0.8902355625481816,0.28,0.7835051546391752,MiddlePhalanxOutlineCorrect,MrSQM
0.05,top,50,2.552212963405412,0.66,0.7835051546391752,MiddlePhalanxOutlineCorrect,MrSQM
0.1,bottom,50,0.6411780247427346,0.14,0.7835051546391752,MiddlePhalanxOutlineCorrect,MrSQM
0.1,random,50,1.2791955457380306,0.3533333333333333,0.7835051546391752,MiddlePhalanxOutlineCorrect,MrSQM
0.1,top,50,2.3365260142945696,0.64,0.7835051546391752,MiddlePhalanxOutlineCorrect,MrSQM
0.2,bottom,50,0.8843145520302818,0.2,0.7835051546391752,MiddlePhalanxOutlineCorrect,MrSQM
0.2,random,50,1.1906260329714764,0.3266666666666666,0.7835051546391752,MiddlePhalanxOutlineCorrect,MrSQM
0.2,top,50,1.95376716746776,0.5,0.7835051546391752,MiddlePhalanxOutlineCorrect,MrSQM
0.05,bottom,50,1.5863827782869222,0.1,0.512987012987013,MiddlePhalanxTW,MrSQM
0.05,random,50,1.939551793722796,0.1666666666666666,0.512987012987013,MiddlePhalanxTW,MrSQM
0.05,top,50,2.246396419900317,0.1,0.512987012987013,MiddlePhalanxTW,MrSQM
0.1,bottom,50,2.518208557714708,0.2,0.512987012987013,MiddlePhalanxTW,MrSQM
0.1,random,50,2.675079471024465,0.22,0.512987012987013,MiddlePhalanxTW,MrSQM
0.1,top,50,2.984386613182425,0.2,0.512987012987013,MiddlePhalanxTW,MrSQM
0.2,bottom,50,2.76609867438209,0.18,0.512987012987013,MiddlePhalanxTW,MrSQM
0.2,random,50,2.8129704301556706,0.1933333333333333,0.512987012987013,MiddlePhalanxTW,MrSQM
0.2,top,50,3.5133138519170632,0.24,0.512987012987013,MiddlePhalanxTW,MrSQM
0.05,bottom,50,0.0255263807772125,0.0,0.9657731958762886,MixedShapesRegularTrain,MrSQM
0.05,random,50,0.3543762825486277,0.0066666666666666,0.9657731958762886,MixedShapesRegularTrain,MrSQM
0.05,top,50,0.9789412648364167,0.02,0.9657731958762886,MixedShapesRegularTrain,MrSQM
0.1,bottom,50,0.2511104968826186,0.0,0.9657731958762886,MixedShapesRegularTrain,MrSQM
0.1,random,50,0.8552641356791265,0.0133333333333333,0.9657731958762886,MixedShapesRegularTrain,MrSQM
0.1,top,50,1.246193861912039,0.04,0.9657731958762886,MixedShapesRegularTrain,MrSQM
0.2,bottom,50,1.1761615215972154,0.12,0.9657731958762886,MixedShapesRegularTrain,MrSQM
0.2,random,50,1.746620239019284,0.0666666666666666,0.9657731958762886,MixedShapesRegularTrain,MrSQM
0.2,top,50,2.030816723841949,0.1,0.9657731958762886,MixedShapesRegularTrain,MrSQM
0.05,bottom,50,0.0989768586971457,0.0,0.9381443298969072,MixedShapesSmallTrain,MrSQM
0.05,random,50,0.1333507950394191,0.0066666666666666,0.9381443298969072,MixedShapesSmallTrain,MrSQM
0.05,top,50,0.5368874649799605,0.02,0.9381443298969072,MixedShapesSmallTrain,MrSQM
0.1,bottom,50,0.2529263875985133,0.0,0.9381443298969072,MixedShapesSmallTrain,MrSQM
0.1,random,50,0.2958802763912132,0.0,0.9381443298969072,MixedShapesSmallTrain,MrSQM
0.1,top,50,0.7615742347100236,0.04,0.9381443298969072,MixedShapesSmallTrain,MrSQM
0.2,bottom,50,0.60968113769173,0.08,0.9381443298969072,MixedShapesSmallTrain,MrSQM
0.2,random,50,0.7746655932923397,0.0533333333333333,0.9381443298969072,MixedShapesSmallTrain,MrSQM
0.2,top,50,1.2219857150239155,0.06,0.9381443298969072,MixedShapesSmallTrain,MrSQM
0.05,bottom,50,0.0338116704674813,0.0,0.9440894568690096,MoteStrain,MrSQM
0.05,random,50,0.2271328034659515,0.0333333333333333,0.9440894568690096,MoteStrain,MrSQM
0.05,top,50,0.5362825915065212,0.04,0.9440894568690096,MoteStrain,MrSQM
0.1,bottom,50,0.0156849839289846,0.02,0.9440894568690096,MoteStrain,MrSQM
0.1,random,50,0.3921807573514969,0.0266666666666666,0.9440894568690096,MoteStrain,MrSQM
0.1,top,50,0.719780020776147,0.1,0.9440894568690096,MoteStrain,MrSQM
0.2,bottom,50,0.2429722279175888,0.0,0.9440894568690096,MoteStrain,MrSQM
0.2,random,50,0.6978673961567466,0.1133333333333333,0.9440894568690096,MoteStrain,MrSQM
0.2,top,50,0.888364974717939,0.16,0.9440894568690096,MoteStrain,MrSQM
0.05,bottom,50,2.4626116081513225,0.1,0.9134860050890584,NonInvasiveFetalECGThorax1,MrSQM
0.05,random,50,2.577041595822108,0.0866666666666666,0.9134860050890584,NonInvasiveFetalECGThorax1,MrSQM
0.05,top,50,2.901138556056488,0.14,0.9134860050890584,NonInvasiveFetalECGThorax1,MrSQM
0.1,bottom,50,3.5743119036955107,0.14,0.9134860050890584,NonInvasiveFetalECGThorax1,MrSQM
0.1,random,50,3.637849575361398,0.2133333333333333,0.9134860050890584,NonInvasiveFetalECGThorax1,MrSQM
0.1,top,50,3.680037743109484,0.2,0.9134860050890584,NonInvasiveFetalECGThorax1,MrSQM
0.2,bottom,50,4.31534743043881,0.24,0.9134860050890584,NonInvasiveFetalECGThorax1,MrSQM
0.2,random,50,4.607170544231638,0.24,0.9134860050890584,NonInvasiveFetalECGThorax1,MrSQM
0.2,top,50,4.667289030192966,0.32,0.9134860050890584,NonInvasiveFetalECGThorax1,MrSQM
0.05,bottom,50,3.877239805067498,0.02,0.926208651399491,NonInvasiveFetalECGThorax2,MrSQM
0.05,random,50,4.395643652702751,0.0666666666666666,0.926208651399491,NonInvasiveFetalECGThorax2,MrSQM
0.05,top,50,5.582224045730928,0.16,0.926208651399491,NonInvasiveFetalECGThorax2,MrSQM
0.1,bottom,50,5.835741653802382,0.02,0.926208651399491,NonInvasiveFetalECGThorax2,MrSQM
0.1,random,50,6.147039668018368,0.1333333333333333,0.926208651399491,NonInvasiveFetalECGThorax2,MrSQM
0.1,top,50,6.743656540886511,0.26,0.926208651399491,NonInvasiveFetalECGThorax2,MrSQM
0.2,bottom,50,7.377764857409216,0.1,0.926208651399491,NonInvasiveFetalECGThorax2,MrSQM
0.2,random,50,7.932594341378657,0.22,0.926208651399491,NonInvasiveFetalECGThorax2,MrSQM
0.2,top,50,8.486390781010131,0.3,0.926208651399491,NonInvasiveFetalECGThorax2,MrSQM
0.05,bottom,50,0.2876933769824809,0.0,0.9710743801652892,OSULeaf,MrSQM
0.05,random,50,0.5208274764179951,0.0066666666666666,0.9710743801652892,OSULeaf,MrSQM
0.05,top,50,0.4908714700090809,0.02,0.9710743801652892,OSULeaf,MrSQM
0.1,bottom,50,0.4155228546121099,0.02,0.9710743801652892,OSULeaf,MrSQM
0.1,random,50,0.7598846062402461,0.0133333333333333,0.9710743801652892,OSULeaf,MrSQM
0.1,top,50,0.9068472934130608,0.02,0.9710743801652892,OSULeaf,MrSQM
0.2,bottom,50,0.8084005922671392,0.02,0.9710743801652892,OSULeaf,MrSQM
0.2,random,50,1.1417699582775978,0.0399999999999999,0.9710743801652892,OSULeaf,MrSQM
0.2,top,50,1.5236945989378194,0.06,0.9710743801652892,OSULeaf,MrSQM
0.05,bottom,28,0.3318322023570101,0.0,0.9333333333333332,OliveOil,MrSQM
0.05,random,28,0.8179849468927196,0.0357142857142857,0.9333333333333332,OliveOil,MrSQM
0.05,top,28,1.0384557469020304,0.0714285714285714,0.9333333333333332,OliveOil,MrSQM
0.1,bottom,28,0.5698885176881534,0.0,0.9333333333333332,OliveOil,MrSQM
0.1,random,28,1.0535640537785478,0.0595238095238095,0.9333333333333332,OliveOil,MrSQM
0.1,top,28,1.2433976138628602,0.0357142857142857,0.9333333333333332,OliveOil,MrSQM
0.2,bottom,28,1.0950578495186465,0.0357142857142857,0.9333333333333332,OliveOil,MrSQM
0.2,random,28,1.4343360033509136,0.0595238095238095,0.9333333333333332,OliveOil,MrSQM
0.2,top,28,1.5382272277987368,0.1071428571428571,0.9333333333333332,OliveOil,MrSQM
0.05,bottom,50,0.4498903318368508,0.06,0.8100558659217877,PLAID,MrSQM
0.05,random,50,0.441212261165842,0.0333333333333333,0.8100558659217877,PLAID,MrSQM
0.05,top,50,0.352206833852043,0.1,0.8100558659217877,PLAID,MrSQM
0.1,bottom,50,0.6353728012111163,0.02,0.8100558659217877,PLAID,MrSQM
0.1,random,50,0.5041460718286658,0.0266666666666666,0.8100558659217877,PLAID,MrSQM
0.1,top,50,0.7822737309690884,0.18,0.8100558659217877,PLAID,MrSQM
0.2,bottom,50,1.185578319137707,0.04,0.8100558659217877,PLAID,MrSQM
0.2,random,50,0.9236679781068192,0.0466666666666666,0.8100558659217877,PLAID,MrSQM
0.2,top,50,1.9112026473895056,0.26,0.8100558659217877,PLAID,MrSQM
0.05,bottom,50,0.5316061960850643,0.12,0.7785547785547785,PhalangesOutlinesCorrect,MrSQM
0.05,random,50,1.6718881308354656,0.2266666666666666,0.7785547785547785,PhalangesOutlinesCorrect,MrSQM
0.05,top,50,4.821192255150065,0.66,0.7785547785547785,PhalangesOutlinesCorrect,MrSQM
0.1,bottom,50,0.6999028696493391,0.14,0.7785547785547785,PhalangesOutlinesCorrect,MrSQM
0.1,random,50,2.2574490732333587,0.3333333333333332,0.7785547785547785,PhalangesOutlinesCorrect,MrSQM
0.1,top,50,4.70240574857916,0.68,0.7785547785547785,PhalangesOutlinesCorrect,MrSQM
0.2,bottom,50,1.3326505769365304,0.14,0.7785547785547785,PhalangesOutlinesCorrect,MrSQM
0.2,random,50,2.9176338879935724,0.3933333333333333,0.7785547785547785,PhalangesOutlinesCorrect,MrSQM
0.2,top,50,4.120095003530022,0.58,0.7785547785547785,PhalangesOutlinesCorrect,MrSQM
0.05,bottom,50,0.0794677787031554,0.08,0.360759493670886,Phoneme,MrSQM
0.05,random,50,0.1223138801108783,0.1066666666666666,0.360759493670886,Phoneme,MrSQM
0.05,top,50,0.1244716192599453,0.06,0.360759493670886,Phoneme,MrSQM
0.1,bottom,50,0.1487989350022453,0.08,0.360759493670886,Phoneme,MrSQM
0.1,random,50,0.1657716638864673,0.1266666666666666,0.360759493670886,Phoneme,MrSQM
0.1,top,50,0.1664772048253037,0.12,0.360759493670886,Phoneme,MrSQM
0.2,bottom,50,0.3825756742544622,0.08,0.360759493670886,Phoneme,MrSQM
0.2,random,50,0.4847653680610218,0.14,0.360759493670886,Phoneme,MrSQM
0.2,top,50,0.439973182171596,0.12,0.360759493670886,Phoneme,MrSQM
0.05,bottom,39,0.0864406727427685,0.0512820512820512,0.78,PickupGestureWiimoteZ,MrSQM
0.05,random,39,0.2396709663063922,0.0683760683760683,0.78,PickupGestureWiimoteZ,MrSQM
0.05,top,39,0.2925209327061678,0.0512820512820512,0.78,PickupGestureWiimoteZ,MrSQM
0.1,bottom,39,0.1568483653663872,0.0769230769230769,0.78,PickupGestureWiimoteZ,MrSQM
0.1,random,39,0.3673754454257429,0.1452991452991452,0.78,PickupGestureWiimoteZ,MrSQM
0.1,top,39,0.8957700076619555,0.1794871794871795,0.78,PickupGestureWiimoteZ,MrSQM
0.2,bottom,39,0.2635611018217909,0.1794871794871795,0.78,PickupGestureWiimoteZ,MrSQM
0.2,random,39,0.9556580030958703,0.2564102564102564,0.78,PickupGestureWiimoteZ,MrSQM
0.2,top,39,1.6891340426065118,0.5384615384615384,0.78,PickupGestureWiimoteZ,MrSQM
0.05,bottom,50,0.4622638662822801,0.0,0.9326923076923076,PigAirwayPressure,MrSQM
0.05,random,50,0.7843460839310894,0.0466666666666666,0.9326923076923076,PigAirwayPressure,MrSQM
0.05,top,50,1.1548726462381254,0.1,0.9326923076923076,PigAirwayPressure,MrSQM
0.1,bottom,50,0.5167260297654586,0.0,0.9326923076923076,PigAirwayPressure,MrSQM
0.1,random,50,0.9905867869522088,0.1266666666666666,0.9326923076923076,PigAirwayPressure,MrSQM
0.1,top,50,1.2883101058020094,0.1,0.9326923076923076,PigAirwayPressure,MrSQM
0.2,bottom,50,0.940316245484524,0.14,0.9326923076923076,PigAirwayPressure,MrSQM
0.2,random,50,1.1682978854739765,0.14,0.9326923076923076,PigAirwayPressure,MrSQM
0.2,top,50,1.6866859163068426,0.2,0.9326923076923076,PigAirwayPressure,MrSQM
0.05,bottom,50,0.9657294406980336,0.0,0.9855769230769232,PigArtPressure,MrSQM
0.05,random,50,1.292614892681362,0.0066666666666666,0.9855769230769232,PigArtPressure,MrSQM
0.05,top,50,1.3018544877765228,0.0,0.9855769230769232,PigArtPressure,MrSQM
0.1,bottom,50,1.021047406814106,0.0,0.9855769230769232,PigArtPressure,MrSQM
0.1,random,50,1.4587496242433786,0.0066666666666666,0.9855769230769232,PigArtPressure,MrSQM
0.1,top,50,1.5959317721115038,0.02,0.9855769230769232,PigArtPressure,MrSQM
0.2,bottom,50,1.4116490977206375,0.0,0.9855769230769232,PigArtPressure,MrSQM
0.2,random,50,1.8037093940851,0.0066666666666666,0.9855769230769232,PigArtPressure,MrSQM
0.2,top,50,1.902611466373726,0.0,0.9855769230769232,PigArtPressure,MrSQM
0.05,bottom,50,0.5245181675478989,0.0,0.9375,PigCVP,MrSQM
0.05,random,50,0.676075279567033,0.0066666666666666,0.9375,PigCVP,MrSQM
0.05,top,50,0.7183432433637477,0.0,0.9375,PigCVP,MrSQM
0.1,bottom,50,0.6813227026338013,0.0,0.9375,PigCVP,MrSQM
0.1,random,50,1.0271748316139555,0.0,0.9375,PigCVP,MrSQM
0.1,top,50,1.051276265448804,0.0,0.9375,PigCVP,MrSQM
0.2,bottom,50,0.9847381184097984,0.0,0.9375,PigCVP,MrSQM
0.2,random,50,1.2819292851607214,0.0066666666666666,0.9375,PigCVP,MrSQM
0.2,top,50,1.3439228302975474,0.02,0.9375,PigCVP,MrSQM
0.05,bottom,50,0.7236004209495545,0.0,1.0,Plane,MrSQM
0.05,random,50,1.3302469004405986,0.0,1.0,Plane,MrSQM
0.05,top,50,1.4115708282346,0.0,1.0,Plane,MrSQM
0.1,bottom,50,1.6281879374092707,0.0,1.0,Plane,MrSQM
0.1,random,50,2.2402841946789684,0.0,1.0,Plane,MrSQM
0.1,top,50,2.4092836726939875,0.0,1.0,Plane,MrSQM
0.2,bottom,50,2.8956131088714887,0.0,1.0,Plane,MrSQM
0.2,random,50,3.472922737138023,0.0,1.0,Plane,MrSQM
0.2,top,50,3.782715097978516,0.0,1.0,Plane,MrSQM
0.05,bottom,50,0.1168319909323811,0.0,0.9,PowerCons,MrSQM
0.05,random,50,0.302997168499137,0.0066666666666666,0.9,PowerCons,MrSQM
0.05,top,50,0.776895251943101,0.02,0.9,PowerCons,MrSQM
0.1,bottom,50,0.2836117811489219,0.0,0.9,PowerCons,MrSQM
0.1,random,50,0.617694284466018,0.04,0.9,PowerCons,MrSQM
0.1,top,50,1.1678524631478475,0.04,0.9,PowerCons,MrSQM
0.2,bottom,50,0.4981969666734714,0.04,0.9,PowerCons,MrSQM
0.2,random,50,0.9719510952424046,0.0866666666666666,0.9,PowerCons,MrSQM
0.2,top,50,1.5566173499555278,0.16,0.9,PowerCons,MrSQM
0.05,bottom,50,0.3871591620380648,0.0,0.8390243902439024,ProximalPhalanxOutlineAgeGroup,MrSQM
0.05,random,50,1.104816925737819,0.1,0.8390243902439024,ProximalPhalanxOutlineAgeGroup,MrSQM
0.05,top,50,1.5101289944103808,0.16,0.8390243902439024,ProximalPhalanxOutlineAgeGroup,MrSQM
0.1,bottom,50,1.065559110212713,0.06,0.8390243902439024,ProximalPhalanxOutlineAgeGroup,MrSQM
0.1,random,50,1.5124870881356258,0.1466666666666666,0.8390243902439024,ProximalPhalanxOutlineAgeGroup,MrSQM
0.1,top,50,2.179517994644124,0.24,0.8390243902439024,ProximalPhalanxOutlineAgeGroup,MrSQM
0.2,bottom,50,1.952263658312405,0.34,0.8390243902439024,ProximalPhalanxOutlineAgeGroup,MrSQM
0.2,random,50,2.299438579721854,0.3933333333333333,0.8390243902439024,ProximalPhalanxOutlineAgeGroup,MrSQM
0.2,top,50,2.5108433736826283,0.44,0.8390243902439024,ProximalPhalanxOutlineAgeGroup,MrSQM
0.05,bottom,50,0.4428086966448956,0.02,0.865979381443299,ProximalPhalanxOutlineCorrect,MrSQM
0.05,random,50,1.511791353817735,0.1866666666666666,0.865979381443299,ProximalPhalanxOutlineCorrect,MrSQM
0.05,top,50,2.737169019972482,0.32,0.865979381443299,ProximalPhalanxOutlineCorrect,MrSQM
0.1,bottom,50,0.844234476999382,0.04,0.865979381443299,ProximalPhalanxOutlineCorrect,MrSQM
0.1,random,50,1.9464134847908656,0.22,0.865979381443299,ProximalPhalanxOutlineCorrect,MrSQM
0.1,top,50,2.633948847959898,0.22,0.865979381443299,ProximalPhalanxOutlineCorrect,MrSQM
0.2,bottom,50,0.7177365113549553,0.08,0.865979381443299,ProximalPhalanxOutlineCorrect,MrSQM
0.2,random,50,2.70830837758227,0.4066666666666666,0.865979381443299,ProximalPhalanxOutlineCorrect,MrSQM
0.2,top,50,3.786464736475833,0.56,0.865979381443299,ProximalPhalanxOutlineCorrect,MrSQM
0.05,bottom,50,0.4997650512728288,0.02,0.8,ProximalPhalanxTW,MrSQM
0.05,random,50,2.26612644546041,0.0733333333333333,0.8,ProximalPhalanxTW,MrSQM
0.05,top,50,3.616670576310343,0.1,0.8,ProximalPhalanxTW,MrSQM
0.1,bottom,50,0.7172576102229604,0.0,0.8,ProximalPhalanxTW,MrSQM
0.1,random,50,3.3153659954854025,0.1066666666666666,0.8,ProximalPhalanxTW,MrSQM
0.1,top,50,4.554578374052635,0.14,0.8,ProximalPhalanxTW,MrSQM
0.2,bottom,50,2.1847428124704766,0.02,0.8,ProximalPhalanxTW,MrSQM
0.2,random,50,3.936974316986865,0.1666666666666666,0.8,ProximalPhalanxTW,MrSQM
0.2,top,50,5.390748849129327,0.24,0.8,ProximalPhalanxTW,MrSQM
0.05,bottom,50,0.2032240134790617,0.1,0.6106666666666667,RefrigerationDevices,MrSQM
0.05,random,50,0.1514203523559605,0.0399999999999999,0.6106666666666667,RefrigerationDevices,MrSQM
0.05,top,50,0.8490591165624423,0.12,0.6106666666666667,RefrigerationDevices,MrSQM
0.1,bottom,50,0.3274712088627815,0.12,0.6106666666666667,RefrigerationDevices,MrSQM
0.1,random,50,0.570203900275607,0.0466666666666666,0.6106666666666667,RefrigerationDevices,MrSQM
0.1,top,50,1.1530983793957057,0.12,0.6106666666666667,RefrigerationDevices,MrSQM
0.2,bottom,50,0.4481221658294568,0.1,0.6106666666666667,RefrigerationDevices,MrSQM
0.2,random,50,0.9971816603889856,0.1266666666666666,0.6106666666666667,RefrigerationDevices,MrSQM
0.2,top,50,1.807963984731619,0.26,0.6106666666666667,RefrigerationDevices,MrSQM
0.05,bottom,44,0.2086077495665545,0.0,0.88,Rock,MrSQM
0.05,random,44,0.3101776665472728,0.0075757575757575,0.88,Rock,MrSQM
0.05,top,44,0.264049003009661,0.0,0.88,Rock,MrSQM
0.1,bottom,44,0.2972907052765157,0.0,0.88,Rock,MrSQM
0.1,random,44,0.4191768421922138,0.0151515151515151,0.88,Rock,MrSQM
0.1,top,44,0.3116656242281404,0.0,0.88,Rock,MrSQM
0.2,bottom,44,0.5519538507770453,0.0,0.88,Rock,MrSQM
0.2,random,44,0.604355860393666,0.0303030303030303,0.88,Rock,MrSQM
0.2,top,44,0.5961643845868606,0.0227272727272727,0.88,Rock,MrSQM
0.05,bottom,50,-0.2538054650024176,0.06,0.5813333333333334,ScreenType,MrSQM
0.05,random,50,-0.2541044934373172,0.0266666666666666,0.5813333333333334,ScreenType,MrSQM
0.05,top,50,0.7625790407084679,0.2,0.5813333333333334,ScreenType,MrSQM
0.1,bottom,50,-0.1689220778983781,0.08,0.5813333333333334,ScreenType,MrSQM
0.1,random,50,-0.0962240646761059,0.1066666666666666,0.5813333333333334,ScreenType,MrSQM
0.1,top,50,1.1390869630864198,0.16,0.5813333333333334,ScreenType,MrSQM
0.2,bottom,50,-0.2230699033963065,0.06,0.5813333333333334,ScreenType,MrSQM
0.2,random,50,0.0517706966896055,0.0666666666666666,0.5813333333333334,ScreenType,MrSQM
0.2,top,50,1.089447131947474,0.28,0.5813333333333334,ScreenType,MrSQM
0.05,bottom,50,0.2618325494126654,0.04,0.895,SemgHandGenderCh2,MrSQM
0.05,random,50,0.4393366114303213,0.0799999999999999,0.895,SemgHandGenderCh2,MrSQM
0.05,top,50,-0.8972151700320373,0.02,0.895,SemgHandGenderCh2,MrSQM
0.1,bottom,50,0.1306315018235236,0.02,0.895,SemgHandGenderCh2,MrSQM
0.1,random,50,0.3470848990472354,0.08,0.895,SemgHandGenderCh2,MrSQM
0.1,top,50,-1.1738699263246803,0.0,0.895,SemgHandGenderCh2,MrSQM
0.2,bottom,50,-0.1009356971383111,0.02,0.895,SemgHandGenderCh2,MrSQM
0.2,random,50,0.2507451581012142,0.0799999999999999,0.895,SemgHandGenderCh2,MrSQM
0.2,top,50,-0.8056012607213856,0.0,0.895,SemgHandGenderCh2,MrSQM
0.05,bottom,50,0.193856918577648,0.16,0.58,SemgHandMovementCh2,MrSQM
0.05,random,50,0.4188009380879576,0.1266666666666666,0.58,SemgHandMovementCh2,MrSQM
0.05,top,50,0.942333980436072,0.38,0.58,SemgHandMovementCh2,MrSQM
0.1,bottom,50,-0.0311720007462283,0.16,0.58,SemgHandMovementCh2,MrSQM
0.1,random,50,0.3112709155574337,0.1933333333333333,0.58,SemgHandMovementCh2,MrSQM
0.1,top,50,1.3353571308022232,0.48,0.58,SemgHandMovementCh2,MrSQM
0.2,bottom,50,-0.1315680889984807,0.14,0.58,SemgHandMovementCh2,MrSQM
0.2,random,50,0.7341518583137007,0.2666666666666666,0.58,SemgHandMovementCh2,MrSQM
0.2,top,50,1.5457588988060946,0.58,0.58,SemgHandMovementCh2,MrSQM
0.05,bottom,50,0.2311312992997239,0.06,0.8733333333333333,SemgHandSubjectCh2,MrSQM
0.05,random,50,0.4145614561577666,0.0799999999999999,0.8733333333333333,SemgHandSubjectCh2,MrSQM
0.05,top,50,0.0472947180790926,0.1,0.8733333333333333,SemgHandSubjectCh2,MrSQM
0.1,bottom,50,0.3297592467294473,0.1,0.8733333333333333,SemgHandSubjectCh2,MrSQM
0.1,random,50,0.5226837462511351,0.1,0.8733333333333333,SemgHandSubjectCh2,MrSQM
0.1,top,50,0.5748413171717504,0.12,0.8733333333333333,SemgHandSubjectCh2,MrSQM
0.2,bottom,50,0.2790180155366313,0.12,0.8733333333333333,SemgHandSubjectCh2,MrSQM
0.2,random,50,1.0190383206115887,0.1666666666666666,0.8733333333333333,SemgHandSubjectCh2,MrSQM
0.2,top,50,1.462820177187265,0.2,0.8733333333333333,SemgHandSubjectCh2,MrSQM
0.05,bottom,47,0.3294601998334506,0.0,0.94,ShakeGestureWiimoteZ,MrSQM
0.05,random,47,0.1881151595284174,0.0354609929078014,0.94,ShakeGestureWiimoteZ,MrSQM
0.05,top,47,0.3130015011139633,0.0425531914893617,0.94,ShakeGestureWiimoteZ,MrSQM
0.1,bottom,47,0.486025939876812,0.1063829787234042,0.94,ShakeGestureWiimoteZ,MrSQM
0.1,random,47,0.3323130221304484,0.0851063829787234,0.94,ShakeGestureWiimoteZ,MrSQM
0.1,top,47,0.5553096490103865,0.0851063829787234,0.94,ShakeGestureWiimoteZ,MrSQM
0.2,bottom,47,0.6822499611093554,0.2127659574468085,0.94,ShakeGestureWiimoteZ,MrSQM
0.2,random,47,0.6222050383924229,0.1205673758865248,0.94,ShakeGestureWiimoteZ,MrSQM
0.2,top,47,0.7804528510347114,0.2553191489361702,0.94,ShakeGestureWiimoteZ,MrSQM
0.05,bottom,50,0.0005770984546209,0.0,1.0,ShapeletSim,MrSQM
0.05,random,50,0.0259553708032063,0.0,1.0,ShapeletSim,MrSQM
0.05,top,50,0.0448446636317173,0.0,1.0,ShapeletSim,MrSQM
0.1,bottom,50,0.0151627046394393,0.0,1.0,ShapeletSim,MrSQM
0.1,random,50,0.1020060099309072,0.0,1.0,ShapeletSim,MrSQM
0.1,top,50,0.173280641248902,0.0,1.0,ShapeletSim,MrSQM
0.2,bottom,50,0.0519870843742555,0.0,1.0,ShapeletSim,MrSQM
0.2,random,50,0.2290795198089135,0.0,1.0,ShapeletSim,MrSQM
0.2,top,50,0.3759563532238719,0.0,1.0,ShapeletSim,MrSQM
0.05,bottom,50,0.6298346404481961,0.0,0.9266666666666666,ShapesAll,MrSQM
0.05,random,50,1.7266006841862105,0.0333333333333333,0.9266666666666666,ShapesAll,MrSQM
0.05,top,50,2.335428802669193,0.02,0.9266666666666666,ShapesAll,MrSQM
0.1,bottom,50,1.236702947919006,0.0,0.9266666666666666,ShapesAll,MrSQM
0.1,random,50,2.4785781810166254,0.08,0.9266666666666666,ShapesAll,MrSQM
0.1,top,50,3.2456543342913244,0.02,0.9266666666666666,ShapesAll,MrSQM
0.2,bottom,50,2.14027855967331,0.04,0.9266666666666666,ShapesAll,MrSQM
0.2,random,50,3.731543314310047,0.0933333333333333,0.9266666666666666,ShapesAll,MrSQM
0.2,top,50,3.9039751737320985,0.06,0.9266666666666666,ShapesAll,MrSQM
0.05,bottom,50,2.3642975584776456,0.14,0.8293333333333334,SmallKitchenAppliances,MrSQM
0.05,random,50,2.5390951581495127,0.1866666666666666,0.8293333333333334,SmallKitchenAppliances,MrSQM
0.05,top,50,3.801109141955804,0.36,0.8293333333333334,SmallKitchenAppliances,MrSQM
0.1,bottom,50,2.2415090277350034,0.18,0.8293333333333334,SmallKitchenAppliances,MrSQM
0.1,random,50,2.678540632460382,0.2066666666666666,0.8293333333333334,SmallKitchenAppliances,MrSQM
0.1,top,50,4.255373179151637,0.4,0.8293333333333334,SmallKitchenAppliances,MrSQM
0.2,bottom,50,2.1614437607782584,0.14,0.8293333333333334,SmallKitchenAppliances,MrSQM
0.2,random,50,3.4471450844505007,0.2933333333333333,0.8293333333333334,SmallKitchenAppliances,MrSQM
0.2,top,50,5.637792402335959,0.52,0.8293333333333334,SmallKitchenAppliances,MrSQM
0.05,bottom,50,-0.0636358293874902,0.02,0.9266666666666666,SmoothSubspace,MrSQM
0.05,random,50,0.0204259127704168,0.0333333333333333,0.9266666666666666,SmoothSubspace,MrSQM
0.05,top,50,0.0570099155931206,0.02,0.9266666666666666,SmoothSubspace,MrSQM
0.1,bottom,50,-0.008041296638753,0.02,0.9266666666666666,SmoothSubspace,MrSQM
0.1,random,50,0.2419502953890582,0.0533333333333333,0.9266666666666666,SmoothSubspace,MrSQM
0.1,top,50,0.2138140142394335,0.06,0.9266666666666666,SmoothSubspace,MrSQM
0.2,bottom,50,0.639463591924218,0.16,0.9266666666666666,SmoothSubspace,MrSQM
0.2,random,50,0.6737387549645518,0.1066666666666666,0.9266666666666666,SmoothSubspace,MrSQM
0.2,top,50,0.5727902563544467,0.06,0.9266666666666666,SmoothSubspace,MrSQM
0.05,bottom,50,-0.0284924853315461,0.0,0.7587354409317804,SonyAIBORobotSurface1,MrSQM
0.05,random,50,0.2029761256642647,0.0,0.7587354409317804,SonyAIBORobotSurface1,MrSQM
0.05,top,50,0.53276509600123,0.02,0.7587354409317804,SonyAIBORobotSurface1,MrSQM
0.1,bottom,50,0.0194255083008735,0.04,0.7587354409317804,SonyAIBORobotSurface1,MrSQM
0.1,random,50,0.2940878998670534,0.0733333333333333,0.7587354409317804,SonyAIBORobotSurface1,MrSQM
0.1,top,50,0.7515465043144063,0.04,0.7587354409317804,SonyAIBORobotSurface1,MrSQM
0.2,bottom,50,0.1110814158302948,0.06,0.7587354409317804,SonyAIBORobotSurface1,MrSQM
0.2,random,50,0.6055180171225363,0.14,0.7587354409317804,SonyAIBORobotSurface1,MrSQM
0.2,top,50,1.0956847169375632,0.22,0.7587354409317804,SonyAIBORobotSurface1,MrSQM
0.05,bottom,50,0.0027692886795329,0.04,0.962224554039874,SonyAIBORobotSurface2,MrSQM
0.05,random,50,0.189788807591982,0.0466666666666666,0.962224554039874,SonyAIBORobotSurface2,MrSQM
0.05,top,50,0.6933407222854656,0.14,0.962224554039874,SonyAIBORobotSurface2,MrSQM
0.1,bottom,50,0.0650170389360617,0.02,0.962224554039874,SonyAIBORobotSurface2,MrSQM
0.1,random,50,0.3484941425448209,0.06,0.962224554039874,SonyAIBORobotSurface2,MrSQM
0.1,top,50,1.220879090472363,0.3,0.962224554039874,SonyAIBORobotSurface2,MrSQM
0.2,bottom,50,0.0336651478354865,0.0,0.962224554039874,SonyAIBORobotSurface2,MrSQM
0.2,random,50,0.7037299604673412,0.1066666666666666,0.962224554039874,SonyAIBORobotSurface2,MrSQM
0.2,top,50,1.394333799387334,0.3,0.962224554039874,SonyAIBORobotSurface2,MrSQM
0.05,bottom,50,0.3334724455413155,0.0,0.9794803302574066,StarLightCurves,MrSQM
0.05,random,50,0.5932996073038409,0.0066666666666666,0.9794803302574066,StarLightCurves,MrSQM
0.05,top,50,0.882689977786724,0.0,0.9794803302574066,StarLightCurves,MrSQM
0.1,bottom,50,0.9455329942872084,0.0,0.9794803302574066,StarLightCurves,MrSQM
0.1,random,50,1.3625080575161632,0.0266666666666666,0.9794803302574066,StarLightCurves,MrSQM
0.1,top,50,1.5699017835302442,0.02,0.9794803302574066,StarLightCurves,MrSQM
0.2,bottom,50,1.6704096399185664,0.0,0.9794803302574066,StarLightCurves,MrSQM
0.2,random,50,2.4087405933186274,0.0,0.9794803302574066,StarLightCurves,MrSQM
0.2,top,50,2.2825127393771565,0.06,0.9794803302574066,StarLightCurves,MrSQM
0.05,bottom,50,1.080569787100063,0.06,0.9648648648648648,Strawberry,MrSQM
0.05,random,50,1.5696004297817183,0.0933333333333333,0.9648648648648648,Strawberry,MrSQM
0.05,top,50,2.3954958003103863,0.16,0.9648648648648648,Strawberry,MrSQM
0.1,bottom,50,1.2198849749449097,0.04,0.9648648648648648,Strawberry,MrSQM
0.1,random,50,1.971460391482378,0.12,0.9648648648648648,Strawberry,MrSQM
0.1,top,50,3.188795714571761,0.24,0.9648648648648648,Strawberry,MrSQM
0.2,bottom,50,1.6922796949005376,0.08,0.9648648648648648,Strawberry,MrSQM
0.2,random,50,2.7593077203542298,0.3,0.9648648648648648,Strawberry,MrSQM
0.2,top,50,4.526235573228303,0.62,0.9648648648648648,Strawberry,MrSQM
0.05,bottom,50,0.8337529426338561,0.02,0.952,SwedishLeaf,MrSQM
0.05,random,50,1.5688988128629493,0.0399999999999999,0.952,SwedishLeaf,MrSQM
0.05,top,50,2.3490074729649217,0.08,0.952,SwedishLeaf,MrSQM
0.1,bottom,50,1.588002211197915,0.02,0.952,SwedishLeaf,MrSQM
0.1,random,50,2.3983285137377663,0.08,0.952,SwedishLeaf,MrSQM
0.1,top,50,3.237816778064113,0.1,0.952,SwedishLeaf,MrSQM
0.2,bottom,50,2.5394500937315327,0.08,0.952,SwedishLeaf,MrSQM
0.2,random,50,3.9472083353719567,0.2466666666666666,0.952,SwedishLeaf,MrSQM
0.2,top,50,4.204993388404993,0.2,0.952,SwedishLeaf,MrSQM
0.05,bottom,50,1.138293948656201,0.0,0.971859296482412,Symbols,MrSQM
0.05,random,50,0.8031412929302769,0.0,0.971859296482412,Symbols,MrSQM
0.05,top,50,0.9649865678743365,0.02,0.971859296482412,Symbols,MrSQM
0.1,bottom,50,1.7208386358067609,0.0,0.971859296482412,Symbols,MrSQM
0.1,random,50,1.2159080011523522,0.0066666666666666,0.971859296482412,Symbols,MrSQM
0.1,top,50,1.2482470612192167,0.0,0.971859296482412,Symbols,MrSQM
0.2,bottom,50,1.90270157668674,0.04,0.971859296482412,Symbols,MrSQM
0.2,random,50,1.6657730170800753,0.0133333333333333,0.971859296482412,Symbols,MrSQM
0.2,top,50,1.3496741279196305,0.0,0.971859296482412,Symbols,MrSQM
0.05,bottom,50,-0.1532196240990154,0.0,0.9566666666666668,SyntheticControl,MrSQM
0.05,random,50,0.0200856852813138,0.0,0.9566666666666668,SyntheticControl,MrSQM
0.05,top,50,0.3686277263550932,0.0,0.9566666666666668,SyntheticControl,MrSQM
0.1,bottom,50,-0.2124532081261399,0.0,0.9566666666666668,SyntheticControl,MrSQM
0.1,random,50,0.2285310383372188,0.0,0.9566666666666668,SyntheticControl,MrSQM
0.1,top,50,0.7430156597733029,0.0,0.9566666666666668,SyntheticControl,MrSQM
0.2,bottom,50,-0.0001745596513615,0.0,0.9566666666666668,SyntheticControl,MrSQM
0.2,random,50,0.8203151629515157,0.0066666666666666,0.9566666666666668,SyntheticControl,MrSQM
0.2,top,50,1.8552389864104384,0.04,0.9566666666666668,SyntheticControl,MrSQM
0.05,bottom,50,0.1799795174203746,0.0,0.9605263157894736,ToeSegmentation1,MrSQM
0.05,random,50,0.4310698340454574,0.0066666666666666,0.9605263157894736,ToeSegmentation1,MrSQM
0.05,top,50,0.6017073525567808,0.0,0.9605263157894736,ToeSegmentation1,MrSQM
0.1,bottom,50,0.2881205390727548,0.0,0.9605263157894736,ToeSegmentation1,MrSQM
0.1,random,50,0.7310193615536265,0.0066666666666666,0.9605263157894736,ToeSegmentation1,MrSQM
0.1,top,50,0.976536618529884,0.04,0.9605263157894736,ToeSegmentation1,MrSQM
0.2,bottom,50,0.3378180366025092,0.0,0.9605263157894736,ToeSegmentation1,MrSQM
0.2,random,50,1.064074327547347,0.0333333333333333,0.9605263157894736,ToeSegmentation1,MrSQM
0.2,top,50,1.7831332033445857,0.06,0.9605263157894736,ToeSegmentation1,MrSQM
0.05,bottom,50,0.1359258472257048,0.04,0.9230769230769232,ToeSegmentation2,MrSQM
0.05,random,50,0.3038426552796874,0.0,0.9230769230769232,ToeSegmentation2,MrSQM
0.05,top,50,0.7287084359702721,0.08,0.9230769230769232,ToeSegmentation2,MrSQM
0.1,bottom,50,0.3569320409300509,0.04,0.9230769230769232,ToeSegmentation2,MrSQM
0.1,random,50,0.7488467239829764,0.0466666666666666,0.9230769230769232,ToeSegmentation2,MrSQM
0.1,top,50,1.1067815323727517,0.12,0.9230769230769232,ToeSegmentation2,MrSQM
0.2,bottom,50,0.3639526086606501,0.08,0.9230769230769232,ToeSegmentation2,MrSQM
0.2,random,50,1.032423838485695,0.0733333333333333,0.9230769230769232,ToeSegmentation2,MrSQM
0.2,top,50,2.030408590141688,0.16,0.9230769230769232,ToeSegmentation2,MrSQM
0.05,bottom,50,0.8940025464905379,0.0,1.0,Trace,MrSQM
0.05,random,50,1.7105650114792703,0.04,1.0,Trace,MrSQM
0.05,top,50,3.050019679165282,0.2,1.0,Trace,MrSQM
0.1,bottom,50,1.168779280749812,0.0,1.0,Trace,MrSQM
0.1,random,50,2.51031708637066,0.0933333333333333,1.0,Trace,MrSQM
0.1,top,50,3.5614680587896,0.2,1.0,Trace,MrSQM
0.2,bottom,50,1.7351253212866664,0.06,1.0,Trace,MrSQM
0.2,random,50,3.0245197785094784,0.18,1.0,Trace,MrSQM
0.2,top,50,3.849774637906657,0.22,1.0,Trace,MrSQM
0.05,bottom,50,0.111645617308664,0.0,1.0,TwoLeadECG,MrSQM
0.05,random,50,0.6111291555615845,0.02,1.0,TwoLeadECG,MrSQM
0.05,top,50,0.5977951269143856,0.0,1.0,TwoLeadECG,MrSQM
0.1,bottom,50,0.2140475611841463,0.0,1.0,TwoLeadECG,MrSQM
0.1,random,50,0.820681184145822,0.0799999999999999,1.0,TwoLeadECG,MrSQM
0.1,top,50,1.3102603798134973,0.16,1.0,TwoLeadECG,MrSQM
0.2,bottom,50,0.3885370490456993,0.0,1.0,TwoLeadECG,MrSQM
0.2,random,50,1.2216763630262633,0.0799999999999999,1.0,TwoLeadECG,MrSQM
0.2,top,50,2.4688087580034046,0.48,1.0,TwoLeadECG,MrSQM
0.05,bottom,50,-0.0034228282942516,0.0,0.99775,TwoPatterns,MrSQM
0.05,random,50,0.7712360708158889,0.0133333333333333,0.99775,TwoPatterns,MrSQM
0.05,top,50,1.403493828430754,0.06,0.99775,TwoPatterns,MrSQM
0.1,bottom,50,-0.0282898189331573,0.0,0.99775,TwoPatterns,MrSQM
0.1,random,50,1.353029917915514,0.0933333333333333,0.99775,TwoPatterns,MrSQM
0.1,top,50,3.503862991500041,0.4,0.99775,TwoPatterns,MrSQM
0.2,bottom,50,0.111593560506657,0.02,0.99775,TwoPatterns,MrSQM
0.2,random,50,2.379335623068576,0.2333333333333333,0.99775,TwoPatterns,MrSQM
0.2,top,50,4.290206055113149,0.62,0.99775,TwoPatterns,MrSQM
0.05,bottom,50,-0.0816242690291144,0.02,0.9652777777777778,UMD,MrSQM
0.05,random,50,0.3232265710952282,0.1133333333333333,0.9652777777777778,UMD,MrSQM
0.05,top,50,1.6291782795276797,0.5,0.9652777777777778,UMD,MrSQM
0.1,bottom,50,-0.0472046935241826,0.0,0.9652777777777778,UMD,MrSQM
0.1,random,50,0.3639896270693278,0.0866666666666666,0.9652777777777778,UMD,MrSQM
0.1,top,50,1.7323695470810216,0.4,0.9652777777777778,UMD,MrSQM
0.2,bottom,50,-0.0601113955849492,0.02,0.9652777777777778,UMD,MrSQM
0.2,random,50,0.590927201280247,0.1133333333333333,0.9652777777777778,UMD,MrSQM
0.2,top,50,1.8236064926303923,0.4,0.9652777777777778,UMD,MrSQM
0.05,bottom,50,0.7821978957574732,0.04,0.9346733668341708,UWaveGestureLibraryAll,MrSQM
0.05,random,50,0.8371263561058063,0.0266666666666666,0.9346733668341708,UWaveGestureLibraryAll,MrSQM
0.05,top,50,0.50658919097058,0.04,0.9346733668341708,UWaveGestureLibraryAll,MrSQM
0.1,bottom,50,1.4301975849664972,0.06,0.9346733668341708,UWaveGestureLibraryAll,MrSQM
0.1,random,50,1.384678496765836,0.0933333333333333,0.9346733668341708,UWaveGestureLibraryAll,MrSQM
0.1,top,50,1.1857267747119942,0.08,0.9346733668341708,UWaveGestureLibraryAll,MrSQM
0.2,bottom,50,1.819420767079908,0.1,0.9346733668341708,UWaveGestureLibraryAll,MrSQM
0.2,random,50,2.2431921442346208,0.1866666666666666,0.9346733668341708,UWaveGestureLibraryAll,MrSQM
0.2,top,50,2.338177910929157,0.14,0.9346733668341708,UWaveGestureLibraryAll,MrSQM
0.05,bottom,50,0.9581422536693652,0.06,0.8193746510329425,UWaveGestureLibraryX,MrSQM
0.05,random,50,0.9944848969674616,0.0866666666666666,0.8193746510329425,UWaveGestureLibraryX,MrSQM
0.05,top,50,1.3489392115241206,0.16,0.8193746510329425,UWaveGestureLibraryX,MrSQM
0.1,bottom,50,1.947238783450836,0.16,0.8193746510329425,UWaveGestureLibraryX,MrSQM
0.1,random,50,2.3818215671686658,0.24,0.8193746510329425,UWaveGestureLibraryX,MrSQM
0.1,top,50,2.504632649054275,0.28,0.8193746510329425,UWaveGestureLibraryX,MrSQM
0.2,bottom,50,3.0653584562399483,0.4,0.8193746510329425,UWaveGestureLibraryX,MrSQM
0.2,random,50,3.123682273135548,0.4066666666666666,0.8193746510329425,UWaveGestureLibraryX,MrSQM
0.2,top,50,3.3579761187627817,0.48,0.8193746510329425,UWaveGestureLibraryX,MrSQM
0.05,bottom,50,0.82626034139042,0.08,0.7487437185929648,UWaveGestureLibraryY,MrSQM
0.05,random,50,0.8045750762875669,0.1,0.7487437185929648,UWaveGestureLibraryY,MrSQM
0.05,top,50,0.7857478868808683,0.12,0.7487437185929648,UWaveGestureLibraryY,MrSQM
0.1,bottom,50,1.0842138578761429,0.12,0.7487437185929648,UWaveGestureLibraryY,MrSQM
0.1,random,50,1.4916993430502992,0.1666666666666666,0.7487437185929648,UWaveGestureLibraryY,MrSQM
0.1,top,50,1.5673016447648818,0.12,0.7487437185929648,UWaveGestureLibraryY,MrSQM
0.2,bottom,50,1.9913594435720712,0.22,0.7487437185929648,UWaveGestureLibraryY,MrSQM
0.2,random,50,2.040588237058456,0.2266666666666666,0.7487437185929648,UWaveGestureLibraryY,MrSQM
0.2,top,50,2.771263324799488,0.44,0.7487437185929648,UWaveGestureLibraryY,MrSQM
0.05,bottom,50,0.7730469210372096,0.12,0.7730318257956449,UWaveGestureLibraryZ,MrSQM
0.05,random,50,1.084922703045273,0.1333333333333333,0.7730318257956449,UWaveGestureLibraryZ,MrSQM
0.05,top,50,1.4159449412490244,0.22,0.7730318257956449,UWaveGestureLibraryZ,MrSQM
0.1,bottom,50,1.407833720798066,0.2,0.7730318257956449,UWaveGestureLibraryZ,MrSQM
0.1,random,50,1.6064613724463457,0.28,0.7730318257956449,UWaveGestureLibraryZ,MrSQM
0.1,top,50,2.199909382132352,0.42,0.7730318257956449,UWaveGestureLibraryZ,MrSQM
0.2,bottom,50,2.009770319225712,0.42,0.7730318257956449,UWaveGestureLibraryZ,MrSQM
0.2,random,50,2.372783194685661,0.4466666666666666,0.7730318257956449,UWaveGestureLibraryZ,MrSQM
0.2,top,50,2.886707823878837,0.58,0.7730318257956449,UWaveGestureLibraryZ,MrSQM
0.05,bottom,50,-0.19228502906212,0.0,1.0,Wafer,MrSQM
0.05,random,50,0.2546274585802903,0.0,1.0,Wafer,MrSQM
0.05,top,50,0.8265117680129186,0.0,1.0,Wafer,MrSQM
0.1,bottom,50,-0.2445139437801778,0.0,1.0,Wafer,MrSQM
0.1,random,50,0.1374082858627684,0.0,1.0,Wafer,MrSQM
0.1,top,50,1.1198656397498947,0.02,1.0,Wafer,MrSQM
0.2,bottom,50,-0.1644438566359597,0.0,1.0,Wafer,MrSQM
0.2,random,50,0.427222727985278,0.0,1.0,Wafer,MrSQM
0.2,top,50,1.2949363962960754,0.0,1.0,Wafer,MrSQM
0.05,bottom,45,0.0817616059875148,0.0,0.8333333333333334,Wine,MrSQM
0.05,random,45,0.3924978305077218,0.074074074074074,0.8333333333333334,Wine,MrSQM
0.05,top,45,0.9652883386026392,0.2888888888888888,0.8333333333333334,Wine,MrSQM
0.1,bottom,45,0.0991551207504471,0.0,0.8333333333333334,Wine,MrSQM
0.1,random,45,0.6068327258172969,0.074074074074074,0.8333333333333334,Wine,MrSQM
0.1,top,45,1.1565507816348688,0.3555555555555555,0.8333333333333334,Wine,MrSQM
0.2,bottom,45,0.1939777534803515,0.0222222222222222,0.8333333333333334,Wine,MrSQM
0.2,random,45,0.7676967502443137,0.1703703703703703,0.8333333333333334,Wine,MrSQM
0.2,top,45,1.4034258507119983,0.3777777777777777,0.8333333333333334,Wine,MrSQM
0.05,bottom,50,0.5280002952420123,0.16,0.6285266457680251,WordSynonyms,MrSQM
0.05,random,50,0.6180656972848682,0.1466666666666666,0.6285266457680251,WordSynonyms,MrSQM
0.05,top,50,0.6766876243678213,0.14,0.6285266457680251,WordSynonyms,MrSQM
0.1,bottom,50,0.6614088490652158,0.2,0.6285266457680251,WordSynonyms,MrSQM
0.1,random,50,1.0422785695842485,0.1866666666666666,0.6285266457680251,WordSynonyms,MrSQM
0.1,top,50,0.8827032052613559,0.26,0.6285266457680251,WordSynonyms,MrSQM
0.2,bottom,50,1.3736091686131018,0.3,0.6285266457680251,WordSynonyms,MrSQM
0.2,random,50,1.6369028651001116,0.2533333333333333,0.6285266457680251,WordSynonyms,MrSQM
0.2,top,50,1.49958085510179,0.2,0.6285266457680251,WordSynonyms,MrSQM
0.05,bottom,50,0.1270239073066902,0.02,0.7142857142857143,Worms,MrSQM
0.05,random,50,0.1276337091523159,0.0266666666666666,0.7142857142857143,Worms,MrSQM
0.05,top,50,0.4861564396568073,0.02,0.7142857142857143,Worms,MrSQM
0.1,bottom,50,0.0187107621464721,0.06,0.7142857142857143,Worms,MrSQM
0.1,random,50,0.1859793997224589,0.0266666666666666,0.7142857142857143,Worms,MrSQM
0.1,top,50,0.4878525760019706,0.02,0.7142857142857143,Worms,MrSQM
0.2,bottom,50,0.1371402224930907,0.08,0.7142857142857143,Worms,MrSQM
0.2,random,50,0.2221575597967248,0.06,0.7142857142857143,Worms,MrSQM
0.2,top,50,0.5343279699613522,0.06,0.7142857142857143,Worms,MrSQM
0.05,bottom,50,0.0646799329024519,0.02,0.7402597402597403,WormsTwoClass,MrSQM
0.05,random,50,0.1814289287352682,0.04,0.7402597402597403,WormsTwoClass,MrSQM
0.05,top,50,0.180963553271244,0.1,0.7402597402597403,WormsTwoClass,MrSQM
0.1,bottom,50,0.0480357113436282,0.04,0.7402597402597403,WormsTwoClass,MrSQM
0.1,random,50,0.1831254041069793,0.0266666666666666,0.7402597402597403,WormsTwoClass,MrSQM
0.1,top,50,0.3755564921483034,0.08,0.7402597402597403,WormsTwoClass,MrSQM
0.2,bottom,50,0.082479444751322,0.0,0.7402597402597403,WormsTwoClass,MrSQM
0.2,random,50,0.3032683830873259,0.0866666666666666,0.7402597402597403,WormsTwoClass,MrSQM
0.2,top,50,0.4814340169823899,0.12,0.7402597402597403,WormsTwoClass,MrSQM
0.05,bottom,50,0.2097046449785271,0.04,0.8763333333333333,Yoga,MrSQM
0.05,random,50,0.5502615125689327,0.0866666666666666,0.8763333333333333,Yoga,MrSQM
0.05,top,50,0.8068528887451941,0.08,0.8763333333333333,Yoga,MrSQM
0.1,bottom,50,0.2464824604865744,0.06,0.8763333333333333,Yoga,MrSQM
0.1,random,50,0.6442656542275779,0.0866666666666666,0.8763333333333333,Yoga,MrSQM
0.1,top,50,1.147868391362295,0.18,0.8763333333333333,Yoga,MrSQM
0.2,bottom,50,0.7698897108706548,0.2,0.8763333333333333,Yoga,MrSQM
0.2,random,50,1.022854500866406,0.1333333333333333,0.8763333333333333,Yoga,MrSQM
0.2,top,50,1.5159118213321836,0.26,0.8763333333333333,Yoga,MrSQM
