dataset,backend,total_time,accuracy,f1_macro,f1_weighted,target_length,seed
HandOutlines,mps,16.21050791699963,0.9486486486486486,0.9431574691732364,0.9481234053944788,1000,42
FordB,mps,10.393830166001862,0.8197530864197531,0.8196431294799451,0.8196871122558683,1000,42
NonInvasiveFetalECGThorax1,mps,11.312055249996774,0.9399491094147584,0.9352545461841888,0.938385367555758,1000,42
Rock,mps,0.8720361660016351,0.92,0.9193970503181028,0.9202955465587044,1000,42
HouseTwenty,mps,1.223903917001735,0.9495798319327732,0.9482608695652174,0.9495798319327732,1000,42
PigArtPressure,mps,2.401890041997831,0.9855769230769232,0.9848595848595848,0.9848595848595848,1000,42
Chinatown,mps,0.0646057920021121,0.9825072886297376,0.9784385214986172,0.9826711316014606,1000,42
SonyAIBORobotSurface1,mps,0.1602162919989496,0.9201331114808652,0.919829253651704,0.9205273054213986,1000,42
SmoothSubspace,mps,0.0436497500013501,0.96,0.9599966663333,0.9599966663333,1000,42
ItalyPowerDemand,mps,0.0650868750017252,0.967930029154519,0.9679295445422992,0.967929908001464,1000,42
SmoothSubspace,mps,0.0083484169990697,0.96,0.9599966663333,0.9599966663333,1000,42
Strawberry,mps,0.7132694579995587,0.9756756756756756,0.9737172353372956,0.9757726281676746,1000,42
HandOutlines,cpu,15.98272637500122,0.9486486486486486,0.9431574691732364,0.9481234053944788,1000,42
FordB,cpu,14.613690750000387,0.8197530864197531,0.8196431294799451,0.8196871122558683,1000,42
NonInvasiveFetalECGThorax1,cpu,19.542226792000292,0.9399491094147584,0.9352545461841888,0.938385367555758,1000,42
Rock,cpu,0.8634209589981765,0.92,0.9193970503181028,0.9202955465587044,1000,42
HouseTwenty,cpu,1.4942755829979433,0.9495798319327732,0.9482608695652174,0.9495798319327732,1000,42
PigArtPressure,cpu,2.885103208998771,0.9855769230769232,0.9848595848595848,0.9848595848595848,1000,42
Chinatown,cpu,0.0769943329978559,0.9825072886297376,0.9784385214986172,0.9826711316014606,1000,42
SonyAIBORobotSurface1,cpu,0.2366251249986817,0.9201331114808652,0.919829253651704,0.9205273054213986,1000,42
SmoothSubspace,cpu,0.0312726670017582,0.96,0.9599966663333,0.9599966663333,1000,42
ItalyPowerDemand,cpu,0.2316319579986157,0.967930029154519,0.9679295445422992,0.967929908001464,1000,42
SmoothSubspace,cpu,0.0335237919971405,0.96,0.9599966663333,0.9599966663333,1000,42
Strawberry,cpu,1.2172634170019592,0.9756756756756756,0.9737172353372956,0.9757726281676746,1000,42
HandOutlines,mps,15.950828042001376,0.9486486486486486,0.9431574691732364,0.9481234053944788,2000,42
FordB,mps,9.74338016600086,0.8197530864197531,0.8196431294799451,0.8196871122558683,2000,42
NonInvasiveFetalECGThorax1,mps,10.315121540999826,0.9399491094147584,0.9352545461841888,0.938385367555758,2000,42
Rock,mps,0.8450025409983937,0.92,0.9193970503181028,0.9202955465587044,2000,42
HouseTwenty,mps,1.201165291997313,0.9495798319327732,0.9482608695652174,0.9495798319327732,2000,42
PigArtPressure,mps,2.3962582499989367,0.9855769230769232,0.9848595848595848,0.9848595848595848,2000,42
Chinatown,mps,0.040981666999869,0.9825072886297376,0.9784385214986172,0.9826711316014606,2000,42
SonyAIBORobotSurface1,mps,0.1308831669994106,0.9201331114808652,0.919829253651704,0.9205273054213986,2000,42
SmoothSubspace,mps,0.0395870840002317,0.96,0.9599966663333,0.9599966663333,2000,42
ItalyPowerDemand,mps,0.0525622910026868,0.967930029154519,0.9679295445422992,0.967929908001464,2000,42
SmoothSubspace,mps,0.0081086249992949,0.96,0.9599966663333,0.9599966663333,2000,42
Strawberry,mps,0.6277537919995666,0.9756756756756756,0.9737172353372956,0.9757726281676746,2000,42
HandOutlines,cpu,15.80528187500022,0.9486486486486486,0.9431574691732364,0.9481234053944788,2000,42
FordB,cpu,11.932371582999622,0.8197530864197531,0.8196431294799451,0.8196871122558683,2000,42
NonInvasiveFetalECGThorax1,cpu,14.376482833002228,0.9399491094147584,0.9352545461841888,0.938385367555758,2000,42
Rock,cpu,0.8606146250021993,0.92,0.9193970503181028,0.9202955465587044,2000,42
HouseTwenty,cpu,1.4738908749968689,0.9495798319327732,0.9482608695652174,0.9495798319327732,2000,42
PigArtPressure,cpu,2.859987791001913,0.9855769230769232,0.9848595848595848,0.9848595848595848,2000,42
Chinatown,cpu,0.0724932500015711,0.9825072886297376,0.9784385214986172,0.9826711316014606,2000,42
SonyAIBORobotSurface1,cpu,0.4822462080010155,0.9201331114808652,0.919829253651704,0.9205273054213986,2000,42
SmoothSubspace,cpu,0.0278276249991904,0.96,0.9599966663333,0.9599966663333,2000,42
ItalyPowerDemand,cpu,0.218999624998105,0.967930029154519,0.9679295445422992,0.967929908001464,2000,42
SmoothSubspace,cpu,0.0344685829986701,0.96,0.9599966663333,0.9599966663333,2000,42
Strawberry,cpu,0.9396202090028964,0.9756756756756756,0.9737172353372956,0.9757726281676746,2000,42
HandOutlines,mps,15.92350608400011,0.9486486486486486,0.9431574691732364,0.9481234053944788,3000,42
FordB,mps,9.42377633399883,0.8197530864197531,0.8196431294799451,0.8196871122558683,3000,42
NonInvasiveFetalECGThorax1,mps,9.568712041000254,0.9399491094147584,0.9352545461841888,0.938385367555758,3000,42
Rock,mps,0.8486188340029912,0.92,0.9193970503181028,0.9202955465587044,3000,42
HouseTwenty,mps,1.2027257499976258,0.9495798319327732,0.9482608695652174,0.9495798319327732,3000,42
PigArtPressure,mps,2.400199124997016,0.9855769230769232,0.9848595848595848,0.9848595848595848,3000,42
Chinatown,mps,0.0495464580017142,0.9825072886297376,0.9784385214986172,0.9826711316014606,3000,42
SonyAIBORobotSurface1,mps,0.1066598750003322,0.9201331114808652,0.919829253651704,0.9205273054213986,3000,42
SmoothSubspace,mps,0.0250998750016151,0.96,0.9599966663333,0.9599966663333,3000,42
ItalyPowerDemand,mps,0.0344065420031256,0.967930029154519,0.9679295445422992,0.967929908001464,3000,42
SmoothSubspace,mps,0.0075695000014093,0.96,0.9599966663333,0.9599966663333,3000,42
Strawberry,mps,0.6075855000017327,0.9756756756756756,0.9737172353372956,0.9757726281676746,3000,42
HandOutlines,cpu,15.730857792001188,0.9486486486486486,0.9431574691732364,0.9481234053944788,3000,42
FordB,cpu,10.478287040998111,0.8197530864197531,0.8196431294799451,0.8196871122558683,3000,42
NonInvasiveFetalECGThorax1,cpu,10.900834707998,0.9399491094147584,0.9352545461841888,0.938385367555758,3000,42
Rock,cpu,0.851884040999721,0.92,0.9193970503181028,0.9202955465587044,3000,42
HouseTwenty,cpu,1.4677288329985458,0.9495798319327732,0.9482608695652174,0.9495798319327732,3000,42
PigArtPressure,cpu,2.8666153749982186,0.9855769230769232,0.9848595848595848,0.9848595848595848,3000,42
Chinatown,cpu,0.0680460830008087,0.9825072886297376,0.9784385214986172,0.9826711316014606,3000,42
SonyAIBORobotSurface1,cpu,0.4277002499984519,0.9201331114808652,0.919829253651704,0.9205273054213986,3000,42
SmoothSubspace,cpu,0.0291028329993423,0.96,0.9599966663333,0.9599966663333,3000,42
ItalyPowerDemand,cpu,0.1990817920013796,0.967930029154519,0.9679295445422992,0.967929908001464,3000,42
SmoothSubspace,cpu,0.0329489590003504,0.96,0.9599966663333,0.9599966663333,3000,42
Strawberry,cpu,0.808671457998571,0.9756756756756756,0.9737172353372956,0.9757726281676746,3000,42
HandOutlines,mps,15.923228457999356,0.9486486486486486,0.9431574691732364,0.9481234053944788,4000,42
FordB,mps,9.318684750000102,0.8197530864197531,0.8196431294799451,0.8196871122558683,4000,42
NonInvasiveFetalECGThorax1,mps,9.484450209001809,0.9399491094147584,0.9352545461841888,0.938385367555758,4000,42
Rock,mps,0.8473506670015922,0.92,0.9193970503181028,0.9202955465587044,4000,42
HouseTwenty,mps,1.1788575829996262,0.9495798319327732,0.9482608695652174,0.9495798319327732,4000,42
PigArtPressure,mps,2.267445166999096,0.9855769230769232,0.9848595848595848,0.9848595848595848,4000,42
Chinatown,mps,0.0291879579999658,0.9825072886297376,0.9784385214986172,0.9826711316014606,4000,42
SonyAIBORobotSurface1,mps,0.1023901669977931,0.9201331114808652,0.919829253651704,0.9205273054213986,4000,42
SmoothSubspace,mps,0.0075603340010275,0.96,0.9599966663333,0.9599966663333,4000,42
ItalyPowerDemand,mps,0.0311240000010002,0.967930029154519,0.9679295445422992,0.967929908001464,4000,42
SmoothSubspace,mps,0.0076538339999387,0.96,0.9599966663333,0.9599966663333,4000,42
Strawberry,mps,0.5854206250005518,0.9756756756756756,0.9737172353372956,0.9757726281676746,4000,42
HandOutlines,cpu,15.779435708001984,0.9486486486486486,0.9431574691732364,0.9481234053944788,4000,42
FordB,cpu,9.832399666000128,0.8197530864197531,0.8196431294799451,0.8196871122558683,4000,42
NonInvasiveFetalECGThorax1,cpu,9.86877000000095,0.9399491094147584,0.9352545461841888,0.938385367555758,4000,42
Rock,cpu,0.8509143749979557,0.92,0.9193970503181028,0.9202955465587044,4000,42
HouseTwenty,cpu,1.127909250000812,0.9495798319327732,0.9482608695652174,0.9495798319327732,4000,42
PigArtPressure,cpu,2.0165967079992697,0.9855769230769232,0.9848595848595848,0.9848595848595848,4000,42
Chinatown,cpu,0.0725458749984682,0.9825072886297376,0.9784385214986172,0.9826711316014606,4000,42
SonyAIBORobotSurface1,cpu,0.4051695409980311,0.9201331114808652,0.919829253651704,0.9205273054213986,4000,42
SmoothSubspace,cpu,0.0286659999983385,0.96,0.9599966663333,0.9599966663333,4000,42
ItalyPowerDemand,cpu,0.2146442500015837,0.967930029154519,0.9679295445422992,0.967929908001464,4000,42
SmoothSubspace,cpu,0.0318194579995179,0.96,0.9599966663333,0.9599966663333,4000,42
Strawberry,cpu,2.247440082999674,0.9756756756756756,0.9737172353372956,0.9757726281676746,4000,42
HandOutlines,mps,15.878456374997768,0.9486486486486486,0.9431574691732364,0.9481234053944788,5000,42
FordB,mps,13.06028754200088,0.8197530864197531,0.8196431294799451,0.8196871122558683,5000,42
NonInvasiveFetalECGThorax1,mps,15.031731291997858,0.9399491094147584,0.9352545461841888,0.938385367555758,5000,42
Rock,mps,0.8480513750000682,0.92,0.9193970503181028,0.9202955465587044,5000,42
HouseTwenty,mps,1.1462719579976692,0.9495798319327732,0.9482608695652174,0.9495798319327732,5000,42
PigArtPressure,mps,2.2696179169979587,0.9855769230769232,0.9848595848595848,0.9848595848595848,5000,42
Chinatown,mps,0.0438139590005448,0.9825072886297376,0.9784385214986172,0.9826711316014606,5000,42
SonyAIBORobotSurface1,mps,0.145805708001717,0.9201331114808652,0.919829253651704,0.9205273054213986,5000,42
SmoothSubspace,mps,0.008002167000086,0.96,0.9599966663333,0.9599966663333,5000,42
ItalyPowerDemand,mps,0.0312011669993808,0.967930029154519,0.9679295445422992,0.967929908001464,5000,42
SmoothSubspace,mps,0.0075894169967796,0.96,0.9599966663333,0.9599966663333,5000,42
Strawberry,mps,0.9048024580006312,0.9756756756756756,0.9737172353372956,0.9757726281676746,5000,42
HandOutlines,cpu,15.747531208002329,0.9486486486486486,0.9431574691732364,0.9481234053944788,5000,42
FordB,cpu,9.354332792001514,0.8197530864197531,0.8196431294799451,0.8196871122558683,5000,42
NonInvasiveFetalECGThorax1,cpu,9.291709999997693,0.9399491094147584,0.9352545461841888,0.938385367555758,5000,42
Rock,cpu,0.84240412500003,0.92,0.9193970503181028,0.9202955465587044,5000,42
HouseTwenty,cpu,1.146053625001514,0.9495798319327732,0.9482608695652174,0.9495798319327732,5000,42
PigArtPressure,cpu,2.0212847090006107,0.9855769230769232,0.9848595848595848,0.9848595848595848,5000,42
Chinatown,cpu,0.0721039999989443,0.9825072886297376,0.9784385214986172,0.9826711316014606,5000,42
SonyAIBORobotSurface1,cpu,0.4200389170000562,0.9201331114808652,0.919829253651704,0.9205273054213986,5000,42
SmoothSubspace,cpu,0.0284521670000685,0.96,0.9599966663333,0.9599966663333,5000,42
ItalyPowerDemand,cpu,0.2018070000012812,0.967930029154519,0.9679295445422992,0.967929908001464,5000,42
SmoothSubspace,cpu,0.0313166670021018,0.96,0.9599966663333,0.9599966663333,5000,42
Strawberry,cpu,2.2489133329981996,0.9756756756756756,0.9737172353372956,0.9757726281676746,5000,42
HandOutlines,mps,25.066686207999737,0.9486486486486486,0.9431574691732364,0.9481234053944788,6000,42
FordB,mps,12.967837374999364,0.8197530864197531,0.8196431294799451,0.8196871122558683,6000,42
NonInvasiveFetalECGThorax1,mps,14.922235750000254,0.9399491094147584,0.9352545461841888,0.938385367555758,6000,42
Rock,mps,1.354908166002133,0.92,0.9193970503181028,0.9202955465587044,6000,42
HouseTwenty,mps,1.8721381249997648,0.9495798319327732,0.9482608695652174,0.9495798319327732,6000,42
PigArtPressure,mps,3.6642534579987114,0.9855769230769232,0.9848595848595848,0.9848595848595848,6000,42
Chinatown,mps,0.0308488330010732,0.9825072886297376,0.9784385214986172,0.9826711316014606,6000,42
SonyAIBORobotSurface1,mps,0.1501520829988294,0.9201331114808652,0.919829253651704,0.9205273054213986,6000,42
SmoothSubspace,mps,0.0069309589998738,0.96,0.9599966663333,0.9599966663333,6000,42
ItalyPowerDemand,mps,0.0294050829979823,0.967930029154519,0.9679295445422992,0.967929908001464,6000,42
SmoothSubspace,mps,0.0073295000001962,0.96,0.9599966663333,0.9599966663333,6000,42
Strawberry,mps,0.8995710410017637,0.9756756756756756,0.9737172353372956,0.9757726281676746,6000,42
HandOutlines,cpu,11.4838059169997,0.9486486486486486,0.9431574691732364,0.9481234053944788,6000,42
FordB,cpu,9.0515824590002,0.8197530864197531,0.8196431294799451,0.8196871122558683,6000,42
NonInvasiveFetalECGThorax1,cpu,8.713075499999832,0.9399491094147584,0.9352545461841888,0.938385367555758,6000,42
Rock,cpu,0.639824875001068,0.92,0.9193970503181028,0.9202955465587044,6000,42
HouseTwenty,cpu,1.025579417000699,0.9495798319327732,0.9482608695652174,0.9495798319327732,6000,42
PigArtPressure,cpu,1.7780436249995546,0.9855769230769232,0.9848595848595848,0.9848595848595848,6000,42
Chinatown,cpu,0.0718710410001222,0.9825072886297376,0.9784385214986172,0.9826711316014606,6000,42
SonyAIBORobotSurface1,cpu,0.3996863749998738,0.9201331114808652,0.919829253651704,0.9205273054213986,6000,42
SmoothSubspace,cpu,0.0287965409988828,0.96,0.9599966663333,0.9599966663333,6000,42
ItalyPowerDemand,cpu,0.2183339580005849,0.967930029154519,0.9679295445422992,0.967929908001464,6000,42
SmoothSubspace,cpu,0.0307457919989246,0.96,0.9599966663333,0.9599966663333,6000,42
Strawberry,cpu,2.242066999999224,0.9756756756756756,0.9737172353372956,0.9757726281676746,6000,42
HandOutlines,mps,25.0167292920014,0.9486486486486486,0.9431574691732364,0.9481234053944788,7000,42
FordB,mps,13.009540541002934,0.8197530864197531,0.8196431294799451,0.8196871122558683,7000,42
NonInvasiveFetalECGThorax1,mps,14.879413834001753,0.9399491094147584,0.9352545461841888,0.938385367555758,7000,42
Rock,mps,1.3413827499971376,0.92,0.9193970503181028,0.9202955465587044,7000,42
HouseTwenty,mps,1.8562329999986105,0.9495798319327732,0.9482608695652174,0.9495798319327732,7000,42
PigArtPressure,mps,3.665065291999781,0.9855769230769232,0.9848595848595848,0.9848595848595848,7000,42
Chinatown,mps,0.0478177500008314,0.9825072886297376,0.9784385214986172,0.9826711316014606,7000,42
SonyAIBORobotSurface1,mps,0.151380874998722,0.9201331114808652,0.919829253651704,0.9205273054213986,7000,42
SmoothSubspace,mps,0.0079910410022421,0.96,0.9599966663333,0.9599966663333,7000,42
ItalyPowerDemand,mps,0.0305561249988386,0.967930029154519,0.9679295445422992,0.967929908001464,7000,42
SmoothSubspace,mps,0.0076301250010146,0.96,0.9599966663333,0.9599966663333,7000,42
Strawberry,mps,0.8997848330000124,0.9756756756756756,0.9737172353372956,0.9757726281676746,7000,42
HandOutlines,cpu,11.546055375001744,0.9486486486486486,0.9431574691732364,0.9481234053944788,7000,42
FordB,cpu,8.90435266699933,0.8197530864197531,0.8196431294799451,0.8196871122558683,7000,42
NonInvasiveFetalECGThorax1,cpu,8.4982532920003,0.9399491094147584,0.9352545461841888,0.938385367555758,7000,42
Rock,cpu,0.6498339579993626,0.92,0.9193970503181028,0.9202955465587044,7000,42
HouseTwenty,cpu,1.0275519159986288,0.9495798319327732,0.9482608695652174,0.9495798319327732,7000,42
PigArtPressure,cpu,1.779971541000123,0.9855769230769232,0.9848595848595848,0.9848595848595848,7000,42
Chinatown,cpu,0.0753404999995837,0.9825072886297376,0.9784385214986172,0.9826711316014606,7000,42
SonyAIBORobotSurface1,cpu,0.3896470420004334,0.9201331114808652,0.919829253651704,0.9205273054213986,7000,42
SmoothSubspace,cpu,0.0302422920030949,0.96,0.9599966663333,0.9599966663333,7000,42
ItalyPowerDemand,cpu,0.2102257910009939,0.967930029154519,0.9679295445422992,0.967929908001464,7000,42
SmoothSubspace,cpu,0.0297357499985082,0.96,0.9599966663333,0.9599966663333,7000,42
Strawberry,cpu,2.106803291997494,0.9756756756756756,0.9737172353372956,0.9757726281676746,7000,42
HandOutlines,mps,25.01933666700279,0.9486486486486486,0.9431574691732364,0.9481234053944788,8000,42
FordB,mps,13.101628417000027,0.8197530864197531,0.8196431294799451,0.8196871122558683,8000,42
NonInvasiveFetalECGThorax1,mps,14.868289208003262,0.9399491094147584,0.9352545461841888,0.938385367555758,8000,42
Rock,mps,1.3391829159991175,0.92,0.9193970503181028,0.9202955465587044,8000,42
HouseTwenty,mps,1.8774723330025151,0.9495798319327732,0.9482608695652174,0.9495798319327732,8000,42
PigArtPressure,mps,3.6633740830002353,0.9855769230769232,0.9848595848595848,0.9848595848595848,8000,42
Chinatown,mps,0.0133431249996647,0.9825072886297376,0.9784385214986172,0.9826711316014606,8000,42
SonyAIBORobotSurface1,mps,0.1429513750008482,0.9201331114808652,0.919829253651704,0.9205273054213986,8000,42
SmoothSubspace,mps,0.0075505409986362,0.96,0.9599966663333,0.9599966663333,8000,42
ItalyPowerDemand,mps,0.0291348749997268,0.967930029154519,0.9679295445422992,0.967929908001464,8000,42
SmoothSubspace,mps,0.0073324170007254,0.96,0.9599966663333,0.9599966663333,8000,42
Strawberry,mps,0.9054370000012568,0.9756756756756756,0.9737172353372956,0.9757726281676746,8000,42
HandOutlines,cpu,11.519863875000738,0.9486486486486486,0.9431574691732364,0.9481234053944788,8000,42
FordB,cpu,23.34876170799907,0.8197530864197531,0.8196431294799451,0.8196871122558683,8000,42
NonInvasiveFetalECGThorax1,cpu,8.27855520799858,0.9399491094147584,0.9352545461841888,0.938385367555758,8000,42
Rock,cpu,0.6470327080023708,0.92,0.9193970503181028,0.9202955465587044,8000,42
HouseTwenty,cpu,0.9733565419992374,0.9495798319327732,0.9482608695652174,0.9495798319327732,8000,42
PigArtPressure,cpu,1.6329571250025765,0.9855769230769232,0.9848595848595848,0.9848595848595848,8000,42
Chinatown,cpu,0.0749610419989039,0.9825072886297376,0.9784385214986172,0.9826711316014606,8000,42
SonyAIBORobotSurface1,cpu,0.3891262920005829,0.9201331114808652,0.919829253651704,0.9205273054213986,8000,42
SmoothSubspace,cpu,0.0294787080019887,0.96,0.9599966663333,0.9599966663333,8000,42
ItalyPowerDemand,cpu,0.2160908749974623,0.967930029154519,0.9679295445422992,0.967929908001464,8000,42
SmoothSubspace,cpu,0.0315374160018109,0.96,0.9599966663333,0.9599966663333,8000,42
Strawberry,cpu,1.978881916998944,0.9756756756756756,0.9737172353372956,0.9757726281676746,8000,42
HandOutlines,mps,24.814265666998836,0.9486486486486486,0.9431574691732364,0.9481234053944788,9000,42
FordB,mps,20.248643791001086,0.8197530864197531,0.8196431294799451,0.8196871122558683,9000,42
NonInvasiveFetalECGThorax1,mps,25.639032250001037,0.9399491094147584,0.9352545461841888,0.938385367555758,9000,42
Rock,mps,2.2839598750033474,0.92,0.9193970503181028,0.9202955465587044,9000,42
HouseTwenty,mps,1.857927250002831,0.9495798319327732,0.9482608695652174,0.9495798319327732,9000,42
PigArtPressure,mps,3.654297000000952,0.9855769230769232,0.9848595848595848,0.9848595848595848,9000,42
Chinatown,mps,0.0127941250029834,0.9825072886297376,0.9784385214986172,0.9826711316014606,9000,42
SonyAIBORobotSurface1,mps,0.1522095420004916,0.9201331114808652,0.919829253651704,0.9205273054213986,9000,42
SmoothSubspace,mps,0.0081561660008446,0.96,0.9599966663333,0.9599966663333,9000,42
ItalyPowerDemand,mps,0.0298594169980788,0.967930029154519,0.9679295445422992,0.967929908001464,9000,42
SmoothSubspace,mps,0.0071245420003833,0.96,0.9599966663333,0.9599966663333,9000,42
Strawberry,mps,1.5056967089985849,0.9756756756756756,0.9737172353372956,0.9757726281676746,9000,42
HandOutlines,cpu,10.501773207997758,0.9486486486486486,0.9431574691732364,0.9481234053944788,9000,42
FordB,cpu,23.052746334000403,0.8197530864197531,0.8196431294799451,0.8196871122558683,9000,42
NonInvasiveFetalECGThorax1,cpu,10.65521012500176,0.9399491094147584,0.9352545461841888,0.938385367555758,9000,42
Rock,cpu,0.8358830830002262,0.92,0.9193970503181028,0.9202955465587044,9000,42
HouseTwenty,cpu,1.4210894999996526,0.9495798319327732,0.9482608695652174,0.9495798319327732,9000,42
PigArtPressure,cpu,2.2274085839999316,0.9855769230769232,0.9848595848595848,0.9848595848595848,9000,42
Chinatown,cpu,0.0831197080005949,0.9825072886297376,0.9784385214986172,0.9826711316014606,9000,42
SonyAIBORobotSurface1,cpu,0.451518041001691,0.9201331114808652,0.919829253651704,0.9205273054213986,9000,42
SmoothSubspace,cpu,0.0304180419989279,0.96,0.9599966663333,0.9599966663333,9000,42
ItalyPowerDemand,cpu,0.2246044999992591,0.967930029154519,0.9679295445422992,0.967929908001464,9000,42
SmoothSubspace,cpu,0.0336048749995825,0.96,0.9599966663333,0.9599966663333,9000,42
Strawberry,cpu,2.0883644170025946,0.9756756756756756,0.9737172353372956,0.9757726281676746,9000,42
HandOutlines,mps,24.784177542002,0.9486486486486486,0.9431574691732364,0.9481234053944788,10000,42
FordB,mps,20.29642504200092,0.8197530864197531,0.8196431294799451,0.8196871122558683,10000,42
NonInvasiveFetalECGThorax1,mps,25.636711458002537,0.9399491094147584,0.9352545461841888,0.938385367555758,10000,42
Rock,mps,2.2597546670003794,0.92,0.9193970503181028,0.9202955465587044,10000,42
HouseTwenty,mps,3.2217313749970344,0.9495798319327732,0.9482608695652174,0.9495798319327732,10000,42
PigArtPressure,mps,6.324065332999453,0.9855769230769232,0.9848595848595848,0.9848595848595848,10000,42
Chinatown,mps,0.01222108300135,0.9825072886297376,0.9784385214986172,0.9826711316014606,10000,42
SonyAIBORobotSurface1,mps,0.1386518750005052,0.9201331114808652,0.919829253651704,0.9205273054213986,10000,42
SmoothSubspace,mps,0.0073583339981269,0.96,0.9599966663333,0.9599966663333,10000,42
ItalyPowerDemand,mps,0.0297510420023172,0.967930029154519,0.9679295445422992,0.967929908001464,10000,42
SmoothSubspace,mps,0.0076487500009534,0.96,0.9599966663333,0.9599966663333,10000,42
Strawberry,mps,1.4865536249999425,0.9756756756756756,0.9737172353372956,0.9757726281676746,10000,42
HandOutlines,cpu,14.324455042002228,0.9486486486486486,0.9431574691732364,0.9481234053944788,10000,42
FordB,cpu,25.27123008299895,0.8197530864197531,0.8196431294799451,0.8196871122558683,10000,42
NonInvasiveFetalECGThorax1,cpu,10.488796124998771,0.9399491094147584,0.9352545461841888,0.938385367555758,10000,42
Rock,cpu,0.8410063330011326,0.92,0.9193970503181028,0.9202955465587044,10000,42
HouseTwenty,cpu,1.3742296660020656,0.9495798319327732,0.9482608695652174,0.9495798319327732,10000,42
PigArtPressure,cpu,2.1490670000021055,0.9855769230769232,0.9848595848595848,0.9848595848595848,10000,42
Chinatown,cpu,0.0780582500010496,0.9825072886297376,0.9784385214986172,0.9826711316014606,10000,42
SonyAIBORobotSurface1,cpu,0.4040957079996587,0.9201331114808652,0.919829253651704,0.9205273054213986,10000,42
SmoothSubspace,cpu,0.0290064580003672,0.96,0.9599966663333,0.9599966663333,10000,42
ItalyPowerDemand,cpu,0.2125631250019068,0.967930029154519,0.9679295445422992,0.967929908001464,10000,42
SmoothSubspace,cpu,0.0322157499977038,0.96,0.9599966663333,0.9599966663333,10000,42
Strawberry,cpu,1.9909874580007456,0.9756756756756756,0.9737172353372956,0.9757726281676746,10000,42
HandOutlines,mps,43.000696209001035,0.9486486486486486,0.9431574691732364,0.9481234053944788,11000,42
FordB,mps,20.270293249999668,0.8197530864197531,0.8196431294799451,0.8196871122558683,11000,42
NonInvasiveFetalECGThorax1,mps,25.61876824999854,0.9399491094147584,0.9352545461841888,0.938385367555758,11000,42
Rock,mps,2.2632899999989604,0.92,0.9193970503181028,0.9202955465587044,11000,42
HouseTwenty,mps,3.2150786660022277,0.9495798319327732,0.9482608695652174,0.9495798319327732,11000,42
PigArtPressure,mps,6.329182541998307,0.9855769230769232,0.9848595848595848,0.9848595848595848,11000,42
Chinatown,mps,0.0133836669992888,0.9825072886297376,0.9784385214986172,0.9826711316014606,11000,42
SonyAIBORobotSurface1,mps,0.1434967080022033,0.9201331114808652,0.919829253651704,0.9205273054213986,11000,42
SmoothSubspace,mps,0.007791249998263,0.96,0.9599966663333,0.9599966663333,11000,42
ItalyPowerDemand,mps,0.0303555840000626,0.967930029154519,0.9679295445422992,0.967929908001464,11000,42
SmoothSubspace,mps,0.0076992499998596,0.96,0.9599966663333,0.9599966663333,11000,42
Strawberry,mps,1.5131424169994716,0.9756756756756756,0.9737172353372956,0.9757726281676746,11000,42
HandOutlines,cpu,13.876742666998323,0.9486486486486486,0.9431574691732364,0.9481234053944788,11000,42
FordB,cpu,26.020463959001063,0.8197530864197531,0.8196431294799451,0.8196871122558683,11000,42
NonInvasiveFetalECGThorax1,cpu,10.461332166996726,0.9399491094147584,0.9352545461841888,0.938385367555758,11000,42
Rock,cpu,0.804715665999538,0.92,0.9193970503181028,0.9202955465587044,11000,42
HouseTwenty,cpu,1.355096291998052,0.9495798319327732,0.9482608695652174,0.9495798319327732,11000,42
PigArtPressure,cpu,2.0995965830006753,0.9855769230769232,0.9848595848595848,0.9848595848595848,11000,42
Chinatown,cpu,0.0867738339984498,0.9825072886297376,0.9784385214986172,0.9826711316014606,11000,42
SonyAIBORobotSurface1,cpu,0.4254809170015505,0.9201331114808652,0.919829253651704,0.9205273054213986,11000,42
SmoothSubspace,cpu,0.0318892920004145,0.96,0.9599966663333,0.9599966663333,11000,42
ItalyPowerDemand,cpu,0.2356910829985281,0.967930029154519,0.9679295445422992,0.967929908001464,11000,42
SmoothSubspace,cpu,0.0319293329994252,0.96,0.9599966663333,0.9599966663333,11000,42
Strawberry,cpu,2.0654617920008604,0.9756756756756756,0.9737172353372956,0.9757726281676746,11000,42
HandOutlines,mps,43.05336791700029,0.9486486486486486,0.9431574691732364,0.9481234053944788,12000,42
FordB,mps,20.14621362500111,0.8197530864197531,0.8196431294799451,0.8196871122558683,12000,42
NonInvasiveFetalECGThorax1,mps,25.621482375001506,0.9399491094147584,0.9352545461841888,0.938385367555758,12000,42
Rock,mps,2.2870368330004567,0.92,0.9193970503181028,0.9202955465587044,12000,42
HouseTwenty,mps,3.221182209003018,0.9495798319327732,0.9482608695652174,0.9495798319327732,12000,42
PigArtPressure,mps,6.323704499998712,0.9855769230769232,0.9848595848595848,0.9848595848595848,12000,42
Chinatown,mps,0.0133244579992606,0.9825072886297376,0.9784385214986172,0.9826711316014606,12000,42
SonyAIBORobotSurface1,mps,0.149282750000566,0.9201331114808652,0.919829253651704,0.9205273054213986,12000,42
SmoothSubspace,mps,0.0083467500007827,0.96,0.9599966663333,0.9599966663333,12000,42
ItalyPowerDemand,mps,0.0308250419984688,0.967930029154519,0.9679295445422992,0.967929908001464,12000,42
SmoothSubspace,mps,0.0082717499972204,0.96,0.9599966663333,0.9599966663333,12000,42
Strawberry,mps,1.519178833001206,0.9756756756756756,0.9737172353372956,0.9757726281676746,12000,42
HandOutlines,cpu,13.941272707997996,0.9486486486486486,0.9431574691732364,0.9481234053944788,12000,42
FordB,cpu,25.062254000000394,0.8197530864197531,0.8196431294799451,0.8196871122558683,12000,42
NonInvasiveFetalECGThorax1,cpu,29.362742208999407,0.9399491094147584,0.9352545461841888,0.938385367555758,12000,42
Rock,cpu,0.7770554999988235,0.92,0.9193970503181028,0.9202955465587044,12000,42
HouseTwenty,cpu,1.327714292001474,0.9495798319327732,0.9482608695652174,0.9495798319327732,12000,42
PigArtPressure,cpu,2.1644668750013807,0.9855769230769232,0.9848595848595848,0.9848595848595848,12000,42
Chinatown,cpu,0.0799343329999828,0.9825072886297376,0.9784385214986172,0.9826711316014606,12000,42
SonyAIBORobotSurface1,cpu,0.4034910410009615,0.9201331114808652,0.919829253651704,0.9205273054213986,12000,42
SmoothSubspace,cpu,0.0285237499992945,0.96,0.9599966663333,0.9599966663333,12000,42
ItalyPowerDemand,cpu,0.2227828329996555,0.967930029154519,0.9679295445422992,0.967929908001464,12000,42
SmoothSubspace,cpu,0.0328658329999598,0.96,0.9599966663333,0.9599966663333,12000,42
Strawberry,cpu,1.893196249999164,0.9756756756756756,0.9737172353372956,0.9757726281676746,12000,42
HandOutlines,mps,43.04308675000357,0.9486486486486486,0.9431574691732364,0.9481234053944788,13000,42
FordB,mps,20.239892916997633,0.8197530864197531,0.8196431294799451,0.8196871122558683,13000,42
NonInvasiveFetalECGThorax1,mps,25.642583749999176,0.9399491094147584,0.9352545461841888,0.938385367555758,13000,42
Rock,mps,2.2839086249987304,0.92,0.9193970503181028,0.9202955465587044,13000,42
HouseTwenty,mps,3.2151040409989946,0.9495798319327732,0.9482608695652174,0.9495798319327732,13000,42
PigArtPressure,mps,6.326974999999948,0.9855769230769232,0.9848595848595848,0.9848595848595848,13000,42
Chinatown,mps,0.0125518329987244,0.9825072886297376,0.9784385214986172,0.9826711316014606,13000,42
SonyAIBORobotSurface1,mps,0.1461039999994682,0.9201331114808652,0.919829253651704,0.9205273054213986,13000,42
SmoothSubspace,mps,0.0083941660013806,0.96,0.9599966663333,0.9599966663333,13000,42
ItalyPowerDemand,mps,0.0305091669979447,0.967930029154519,0.9679295445422992,0.967929908001464,13000,42
SmoothSubspace,mps,0.0076286250005068,0.96,0.9599966663333,0.9599966663333,13000,42
Strawberry,mps,1.5241211249995104,0.9756756756756756,0.9737172353372956,0.9757726281676746,13000,42
HandOutlines,cpu,14.12918841699866,0.9486486486486486,0.9431574691732364,0.9481234053944788,13000,42
FordB,cpu,25.151168000000325,0.8197530864197531,0.8196431294799451,0.8196871122558683,13000,42
NonInvasiveFetalECGThorax1,cpu,28.301150540999515,0.9399491094147584,0.9352545461841888,0.938385367555758,13000,42
Rock,cpu,0.784516125000664,0.92,0.9193970503181028,0.9202955465587044,13000,42
HouseTwenty,cpu,1.3370455000003858,0.9495798319327732,0.9482608695652174,0.9495798319327732,13000,42
PigArtPressure,cpu,2.157345042000088,0.9855769230769232,0.9848595848595848,0.9848595848595848,13000,42
Chinatown,cpu,0.0808446250011911,0.9825072886297376,0.9784385214986172,0.9826711316014606,13000,42
SonyAIBORobotSurface1,cpu,0.41684266700031,0.9201331114808652,0.919829253651704,0.9205273054213986,13000,42
SmoothSubspace,cpu,0.0296659580017149,0.96,0.9599966663333,0.9599966663333,13000,42
ItalyPowerDemand,cpu,0.2266764579981099,0.967930029154519,0.9679295445422992,0.967929908001464,13000,42
SmoothSubspace,cpu,0.0315629579999949,0.96,0.9599966663333,0.9599966663333,13000,42
Strawberry,cpu,1.9128224999985832,0.9756756756756756,0.9737172353372956,0.9757726281676746,13000,42
HandOutlines,mps,43.12694262500008,0.9486486486486486,0.9431574691732364,0.9481234053944788,14000,42
FordB,mps,20.28798537500188,0.8197530864197531,0.8196431294799451,0.8196871122558683,14000,42
NonInvasiveFetalECGThorax1,mps,25.672424167001736,0.9399491094147584,0.9352545461841888,0.938385367555758,14000,42
Rock,mps,2.2850487920004525,0.92,0.9193970503181028,0.9202955465587044,14000,42
HouseTwenty,mps,3.258095916997263,0.9495798319327732,0.9482608695652174,0.9495798319327732,14000,42
PigArtPressure,mps,6.38692891699975,0.9855769230769232,0.9848595848595848,0.9848595848595848,14000,42
Chinatown,mps,0.0128524159990774,0.9825072886297376,0.9784385214986172,0.9826711316014606,14000,42
SonyAIBORobotSurface1,mps,0.1486603330013167,0.9201331114808652,0.919829253651704,0.9205273054213986,14000,42
SmoothSubspace,mps,0.0077558750017487,0.96,0.9599966663333,0.9599966663333,14000,42
ItalyPowerDemand,mps,0.0308881669989204,0.967930029154519,0.9679295445422992,0.967929908001464,14000,42
SmoothSubspace,mps,0.0075609579980664,0.96,0.9599966663333,0.9599966663333,14000,42
Strawberry,mps,1.501003417000902,0.9756756756756756,0.9737172353372956,0.9757726281676746,14000,42
HandOutlines,cpu,13.725662167002156,0.9486486486486486,0.9431574691732364,0.9481234053944788,14000,42
FordB,cpu,24.418569042001764,0.8197530864197531,0.8196431294799451,0.8196871122558683,14000,42
NonInvasiveFetalECGThorax1,cpu,28.712113583002065,0.9399491094147584,0.9352545461841888,0.938385367555758,14000,42
Rock,cpu,0.7880172090008273,0.92,0.9193970503181028,0.9202955465587044,14000,42
HouseTwenty,cpu,1.3225856669996574,0.9495798319327732,0.9482608695652174,0.9495798319327732,14000,42
PigArtPressure,cpu,2.105913583000074,0.9855769230769232,0.9848595848595848,0.9848595848595848,14000,42
Chinatown,cpu,0.0778911670022353,0.9825072886297376,0.9784385214986172,0.9826711316014606,14000,42
SonyAIBORobotSurface1,cpu,0.4114038330008043,0.9201331114808652,0.919829253651704,0.9205273054213986,14000,42
SmoothSubspace,cpu,0.0304282079996482,0.96,0.9599966663333,0.9599966663333,14000,42
ItalyPowerDemand,cpu,0.2217648330006341,0.967930029154519,0.9679295445422992,0.967929908001464,14000,42
SmoothSubspace,cpu,0.0317332499980693,0.96,0.9599966663333,0.9599966663333,14000,42
Strawberry,cpu,1.8941903749982885,0.9756756756756756,0.9737172353372956,0.9757726281676746,14000,42
HandOutlines,mps,43.0968060410014,0.9486486486486486,0.9431574691732364,0.9481234053944788,15000,42
FordB,mps,20.292315457998484,0.8197530864197531,0.8196431294799451,0.8196871122558683,15000,42
NonInvasiveFetalECGThorax1,mps,25.66368866600169,0.9399491094147584,0.9352545461841888,0.938385367555758,15000,42
Rock,mps,2.3173839160008356,0.92,0.9193970503181028,0.9202955465587044,15000,42
HouseTwenty,mps,3.2492091249987425,0.9495798319327732,0.9482608695652174,0.9495798319327732,15000,42
PigArtPressure,mps,6.383901250002964,0.9855769230769232,0.9848595848595848,0.9848595848595848,15000,42
Chinatown,mps,0.0127254590006486,0.9825072886297376,0.9784385214986172,0.9826711316014606,15000,42
SonyAIBORobotSurface1,mps,0.1519875000012689,0.9201331114808652,0.919829253651704,0.9205273054213986,15000,42
SmoothSubspace,mps,0.0086491250003746,0.96,0.9599966663333,0.9599966663333,15000,42
ItalyPowerDemand,mps,0.0305100419973314,0.967930029154519,0.9679295445422992,0.967929908001464,15000,42
SmoothSubspace,mps,0.00794925000082,0.96,0.9599966663333,0.9599966663333,15000,42
Strawberry,mps,1.5313248750026105,0.9756756756756756,0.9737172353372956,0.9757726281676746,15000,42
HandOutlines,cpu,13.722076584002934,0.9486486486486486,0.9431574691732364,0.9481234053944788,15000,42
FordB,cpu,23.983516083000723,0.8197530864197531,0.8196431294799451,0.8196871122558683,15000,42
NonInvasiveFetalECGThorax1,cpu,29.0481669159999,0.9399491094147584,0.9352545461841888,0.938385367555758,15000,42
Rock,cpu,0.8105764579995594,0.92,0.9193970503181028,0.9202955465587044,15000,42
HouseTwenty,cpu,1.3278844999986177,0.9495798319327732,0.9482608695652174,0.9495798319327732,15000,42
PigArtPressure,cpu,2.1069352090016764,0.9855769230769232,0.9848595848595848,0.9848595848595848,15000,42
Chinatown,cpu,0.0764106249989708,0.9825072886297376,0.9784385214986172,0.9826711316014606,15000,42
SonyAIBORobotSurface1,cpu,0.4057761660005781,0.9201331114808652,0.919829253651704,0.9205273054213986,15000,42
SmoothSubspace,cpu,0.0292796659996383,0.96,0.9599966663333,0.9599966663333,15000,42
ItalyPowerDemand,cpu,0.2250723329998436,0.967930029154519,0.9679295445422992,0.967929908001464,15000,42
SmoothSubspace,cpu,0.030886125001416,0.96,0.9599966663333,0.9599966663333,15000,42
Strawberry,cpu,1.8379648750014896,0.9756756756756756,0.9737172353372956,0.9757726281676746,15000,42
HandOutlines,mps,43.10661262499707,0.9486486486486486,0.9431574691732364,0.9481234053944788,16000,42
FordB,mps,20.18758012499893,0.8197530864197531,0.8196431294799451,0.8196871122558683,16000,42
NonInvasiveFetalECGThorax1,mps,25.694460875001823,0.9399491094147584,0.9352545461841888,0.938385367555758,16000,42
Rock,mps,2.3138190000026952,0.92,0.9193970503181028,0.9202955465587044,16000,42
HouseTwenty,mps,3.257837582998036,0.9495798319327732,0.9482608695652174,0.9495798319327732,16000,42
PigArtPressure,mps,6.381408917000954,0.9855769230769232,0.9848595848595848,0.9848595848595848,16000,42
Chinatown,mps,0.0124122919987712,0.9825072886297376,0.9784385214986172,0.9826711316014606,16000,42
SonyAIBORobotSurface1,mps,0.1447550829980173,0.9201331114808652,0.919829253651704,0.9205273054213986,16000,42
SmoothSubspace,mps,0.0087414159970649,0.96,0.9599966663333,0.9599966663333,16000,42
ItalyPowerDemand,mps,0.0310775829966587,0.967930029154519,0.9679295445422992,0.967929908001464,16000,42
SmoothSubspace,mps,0.0079073749984672,0.96,0.9599966663333,0.9599966663333,16000,42
Strawberry,mps,1.516766959000961,0.9756756756756756,0.9737172353372956,0.9757726281676746,16000,42
HandOutlines,cpu,13.702409957997588,0.9486486486486486,0.9431574691732364,0.9481234053944788,16000,42
FordB,cpu,23.432237625002017,0.8197530864197531,0.8196431294799451,0.8196871122558683,16000,42
NonInvasiveFetalECGThorax1,cpu,28.93444791699949,0.9399491094147584,0.9352545461841888,0.938385367555758,16000,42
Rock,cpu,0.8063145829983114,0.92,0.9193970503181028,0.9202955465587044,16000,42
HouseTwenty,cpu,1.282694249999622,0.9495798319327732,0.9482608695652174,0.9495798319327732,16000,42
PigArtPressure,cpu,2.046185125000193,0.9855769230769232,0.9848595848595848,0.9848595848595848,16000,42
Chinatown,cpu,0.075627499998518,0.9825072886297376,0.9784385214986172,0.9826711316014606,16000,42
SonyAIBORobotSurface1,cpu,0.4125280000007478,0.9201331114808652,0.919829253651704,0.9205273054213986,16000,42
SmoothSubspace,cpu,0.0297315829993749,0.96,0.9599966663333,0.9599966663333,16000,42
ItalyPowerDemand,cpu,0.2149718330001633,0.967930029154519,0.9679295445422992,0.967929908001464,16000,42
SmoothSubspace,cpu,0.0333281669991265,0.96,0.9599966663333,0.9599966663333,16000,42
Strawberry,cpu,1.9390608329995305,0.9756756756756756,0.9737172353372956,0.9757726281676746,16000,42
HandOutlines,mps,43.1051190420003,0.9486486486486486,0.9431574691732364,0.9481234053944788,17000,42
FordB,mps,35.70925025000179,0.8197530864197531,0.8196431294799451,0.8196871122558683,17000,42
NonInvasiveFetalECGThorax1,mps,48.68212858300103,0.9399491094147584,0.9352545461841888,0.938385367555758,17000,42
Rock,mps,2.315957583999989,0.92,0.9193970503181028,0.9202955465587044,17000,42
HouseTwenty,mps,3.250016999998479,0.9495798319327732,0.9482608695652174,0.9495798319327732,17000,42
PigArtPressure,mps,6.386811833999673,0.9855769230769232,0.9848595848595848,0.9848595848595848,17000,42
Chinatown,mps,0.0124964169990562,0.9825072886297376,0.9784385214986172,0.9826711316014606,17000,42
SonyAIBORobotSurface1,mps,0.1465550409993739,0.9201331114808652,0.919829253651704,0.9205273054213986,17000,42
SmoothSubspace,mps,0.0084047089985688,0.96,0.9599966663333,0.9599966663333,17000,42
ItalyPowerDemand,mps,0.0311072090007655,0.967930029154519,0.9679295445422992,0.967929908001464,17000,42
SmoothSubspace,mps,0.0075076659995829,0.96,0.9599966663333,0.9599966663333,17000,42
Strawberry,mps,1.5198227079999924,0.9756756756756756,0.9737172353372956,0.9757726281676746,17000,42
HandOutlines,cpu,13.519368625002244,0.9486486486486486,0.9431574691732364,0.9481234053944788,17000,42
FordB,cpu,22.942534624999094,0.8197530864197531,0.8196431294799451,0.8196871122558683,17000,42
NonInvasiveFetalECGThorax1,cpu,29.918608874999336,0.9399491094147584,0.9352545461841888,0.938385367555758,17000,42
Rock,cpu,0.7687738330023421,0.92,0.9193970503181028,0.9202955465587044,17000,42
HouseTwenty,cpu,1.2841948749992298,0.9495798319327732,0.9482608695652174,0.9495798319327732,17000,42
PigArtPressure,cpu,2.042658709000534,0.9855769230769232,0.9848595848595848,0.9848595848595848,17000,42
Chinatown,cpu,0.0791755829995963,0.9825072886297376,0.9784385214986172,0.9826711316014606,17000,42
SonyAIBORobotSurface1,cpu,0.4077810829985537,0.9201331114808652,0.919829253651704,0.9205273054213986,17000,42
SmoothSubspace,cpu,0.0310743750014808,0.96,0.9599966663333,0.9599966663333,17000,42
ItalyPowerDemand,cpu,0.2314400419963931,0.967930029154519,0.9679295445422992,0.967929908001464,17000,42
SmoothSubspace,cpu,0.0335044579987879,0.96,0.9599966663333,0.9599966663333,17000,42
Strawberry,cpu,1.929737958998885,0.9756756756756756,0.9737172353372956,0.9757726281676746,17000,42
HandOutlines,mps,43.10329025000101,0.9486486486486486,0.9431574691732364,0.9481234053944788,18000,42
FordB,mps,35.724067415998434,0.8197530864197531,0.8196431294799451,0.8196871122558683,18000,42
NonInvasiveFetalECGThorax1,mps,48.8272688750003,0.9399491094147584,0.9352545461841888,0.938385367555758,18000,42
Rock,mps,4.2408809999978985,0.92,0.9193970503181028,0.9202955465587044,18000,42
HouseTwenty,mps,6.066276749999815,0.9495798319327732,0.9482608695652174,0.9495798319327732,18000,42
PigArtPressure,mps,12.11514891600018,0.9855769230769232,0.9848595848595848,0.9848595848595848,18000,42
Chinatown,mps,0.0127651670009072,0.9825072886297376,0.9784385214986172,0.9826711316014606,18000,42
SonyAIBORobotSurface1,mps,0.1471399170004588,0.9201331114808652,0.919829253651704,0.9205273054213986,18000,42
SmoothSubspace,mps,0.0074357089979457,0.96,0.9599966663333,0.9599966663333,18000,42
ItalyPowerDemand,mps,0.030474333998427,0.967930029154519,0.9679295445422992,0.967929908001464,18000,42
SmoothSubspace,mps,0.0078575420011475,0.96,0.9599966663333,0.9599966663333,18000,42
Strawberry,mps,1.525951083000109,0.9756756756756756,0.9737172353372956,0.9757726281676746,18000,42
HandOutlines,cpu,13.53063233300054,0.9486486486486486,0.9431574691732364,0.9481234053944788,18000,42
FordB,cpu,21.91268299999865,0.8197530864197531,0.8196431294799451,0.8196871122558683,18000,42
NonInvasiveFetalECGThorax1,cpu,28.77758320799694,0.9399491094147584,0.9352545461841888,0.938385367555758,18000,42
Rock,cpu,0.739146209001774,0.92,0.9193970503181028,0.9202955465587044,18000,42
HouseTwenty,cpu,1.311625083002582,0.9495798319327732,0.9482608695652174,0.9495798319327732,18000,42
PigArtPressure,cpu,2.084327125001437,0.9855769230769232,0.9848595848595848,0.9848595848595848,18000,42
Chinatown,cpu,0.0900706669999635,0.9825072886297376,0.9784385214986172,0.9826711316014606,18000,42
SonyAIBORobotSurface1,cpu,0.4199740000003658,0.9201331114808652,0.919829253651704,0.9205273054213986,18000,42
SmoothSubspace,cpu,0.0304728750015783,0.96,0.9599966663333,0.9599966663333,18000,42
ItalyPowerDemand,cpu,0.2198029170031077,0.967930029154519,0.9679295445422992,0.967929908001464,18000,42
SmoothSubspace,cpu,0.0305967919994145,0.96,0.9599966663333,0.9599966663333,18000,42
Strawberry,cpu,1.8990191250013595,0.9756756756756756,0.9737172353372956,0.9757726281676746,18000,42
HandOutlines,mps,81.87427470800321,0.9486486486486486,0.9431574691732364,0.9481234053944788,19000,42
FordB,mps,35.71989416699944,0.8197530864197531,0.8196431294799451,0.8196871122558683,19000,42
NonInvasiveFetalECGThorax1,mps,48.77339229199788,0.9399491094147584,0.9352545461841888,0.938385367555758,19000,42
Rock,mps,4.239650957999402,0.92,0.9193970503181028,0.9202955465587044,19000,42
HouseTwenty,mps,6.060317415998725,0.9495798319327732,0.9482608695652174,0.9495798319327732,19000,42
PigArtPressure,mps,12.11271358399972,0.9855769230769232,0.9848595848595848,0.9848595848595848,19000,42
Chinatown,mps,0.0123070000008738,0.9825072886297376,0.9784385214986172,0.9826711316014606,19000,42
SonyAIBORobotSurface1,mps,0.1313184999999066,0.9201331114808652,0.919829253651704,0.9205273054213986,19000,42
SmoothSubspace,mps,0.0076115419979032,0.96,0.9599966663333,0.9599966663333,19000,42
ItalyPowerDemand,mps,0.0293651659994793,0.967930029154519,0.9679295445422992,0.967929908001464,19000,42
SmoothSubspace,mps,0.0073084169998764,0.96,0.9599966663333,0.9599966663333,19000,42
Strawberry,mps,1.535335083000973,0.9756756756756756,0.9737172353372956,0.9757726281676746,19000,42
HandOutlines,cpu,13.42138541699751,0.9486486486486486,0.9431574691732364,0.9481234053944788,19000,42
FordB,cpu,22.1393234160023,0.8197530864197531,0.8196431294799451,0.8196871122558683,19000,42
NonInvasiveFetalECGThorax1,cpu,29.054808374999993,0.9399491094147584,0.9352545461841888,0.938385367555758,19000,42
Rock,cpu,0.7481920000027458,0.92,0.9193970503181028,0.9202955465587044,19000,42
HouseTwenty,cpu,1.3053869579998718,0.9495798319327732,0.9482608695652174,0.9495798319327732,19000,42
PigArtPressure,cpu,2.082182665999426,0.9855769230769232,0.9848595848595848,0.9848595848595848,19000,42
Chinatown,cpu,0.0769349580004927,0.9825072886297376,0.9784385214986172,0.9826711316014606,19000,42
SonyAIBORobotSurface1,cpu,0.416174542002409,0.9201331114808652,0.919829253651704,0.9205273054213986,19000,42
SmoothSubspace,cpu,0.029909041000792,0.96,0.9599966663333,0.9599966663333,19000,42
ItalyPowerDemand,cpu,0.2179231249974691,0.967930029154519,0.9679295445422992,0.967929908001464,19000,42
SmoothSubspace,cpu,0.0305463330005295,0.96,0.9599966663333,0.9599966663333,19000,42
Strawberry,cpu,1.9275044169989997,0.9756756756756756,0.9737172353372956,0.9757726281676746,19000,42
HandOutlines,mps,81.87801179099915,0.9486486486486486,0.9431574691732364,0.9481234053944788,20000,42
FordB,mps,35.80646933400203,0.8197530864197531,0.8196431294799451,0.8196871122558683,20000,42
NonInvasiveFetalECGThorax1,mps,48.71187475000261,0.9399491094147584,0.9352545461841888,0.938385367555758,20000,42
Rock,mps,4.372480875001202,0.92,0.9193970503181028,0.9202955465587044,20000,42
HouseTwenty,mps,6.241437874999974,0.9495798319327732,0.9482608695652174,0.9495798319327732,20000,42
PigArtPressure,mps,11.984927207999135,0.9855769230769232,0.9848595848595848,0.9848595848595848,20000,42
Chinatown,mps,0.0124515409988816,0.9825072886297376,0.9784385214986172,0.9826711316014606,20000,42
SonyAIBORobotSurface1,mps,0.1321867919978103,0.9201331114808652,0.919829253651704,0.9205273054213986,20000,42
SmoothSubspace,mps,0.0070630419977533,0.96,0.9599966663333,0.9599966663333,20000,42
ItalyPowerDemand,mps,0.029900000001362,0.967930029154519,0.9679295445422992,0.967929908001464,20000,42
SmoothSubspace,mps,0.008060000000114,0.96,0.9599966663333,0.9599966663333,20000,42
Strawberry,mps,1.4959407089991146,0.9756756756756756,0.9737172353372956,0.9757726281676746,20000,42
HandOutlines,cpu,13.382578624998132,0.9486486486486486,0.9431574691732364,0.9481234053944788,20000,42
FordB,cpu,21.85672162499759,0.8197530864197531,0.8196431294799451,0.8196871122558683,20000,42
NonInvasiveFetalECGThorax1,cpu,28.719512333998864,0.9399491094147584,0.9352545461841888,0.938385367555758,20000,42
Rock,cpu,0.7506122080012574,0.92,0.9193970503181028,0.9202955465587044,20000,42
HouseTwenty,cpu,1.2766316250017553,0.9495798319327732,0.9482608695652174,0.9495798319327732,20000,42
PigArtPressure,cpu,2.0699606250018405,0.9855769230769232,0.9848595848595848,0.9848595848595848,20000,42
Chinatown,cpu,0.0750950410001678,0.9825072886297376,0.9784385214986172,0.9826711316014606,20000,42
SonyAIBORobotSurface1,cpu,0.4129872919984336,0.9201331114808652,0.919829253651704,0.9205273054213986,20000,42
SmoothSubspace,cpu,0.0298910000019532,0.96,0.9599966663333,0.9599966663333,20000,42
ItalyPowerDemand,cpu,0.2134193749989208,0.967930029154519,0.9679295445422992,0.967929908001464,20000,42
SmoothSubspace,cpu,0.0303782500013767,0.96,0.9599966663333,0.9599966663333,20000,42
Strawberry,cpu,1.8815345830007573,0.9756756756756756,0.9737172353372956,0.9757726281676746,20000,42
HandOutlines,mps,81.86473254199882,0.9486486486486486,0.9431574691732364,0.9481234053944788,21000,42
FordB,mps,35.67961749999813,0.8197530864197531,0.8196431294799451,0.8196871122558683,21000,42
NonInvasiveFetalECGThorax1,mps,48.743190125002,0.9399491094147584,0.9352545461841888,0.938385367555758,21000,42
Rock,mps,4.363098124998942,0.92,0.9193970503181028,0.9202955465587044,21000,42
HouseTwenty,mps,6.234934874999453,0.9495798319327732,0.9482608695652174,0.9495798319327732,21000,42
PigArtPressure,mps,11.986524792002456,0.9855769230769232,0.9848595848595848,0.9848595848595848,21000,42
Chinatown,mps,0.0131957910016353,0.9825072886297376,0.9784385214986172,0.9826711316014606,21000,42
SonyAIBORobotSurface1,mps,0.13193712499924,0.9201331114808652,0.919829253651704,0.9205273054213986,21000,42
SmoothSubspace,mps,0.0076843749993713,0.96,0.9599966663333,0.9599966663333,21000,42
ItalyPowerDemand,mps,0.0298737910015916,0.967930029154519,0.9679295445422992,0.967929908001464,21000,42
SmoothSubspace,mps,0.0082052090001525,0.96,0.9599966663333,0.9599966663333,21000,42
Strawberry,mps,1.5180257499996517,0.9756756756756756,0.9737172353372956,0.9757726281676746,21000,42
HandOutlines,cpu,13.45353116700062,0.9486486486486486,0.9431574691732364,0.9481234053944788,21000,42
FordB,cpu,21.44019770900195,0.8197530864197531,0.8196431294799451,0.8196871122558683,21000,42
NonInvasiveFetalECGThorax1,cpu,27.94538479200128,0.9399491094147584,0.9352545461841888,0.938385367555758,21000,42
Rock,cpu,0.8490690420003375,0.92,0.9193970503181028,0.9202955465587044,21000,42
HouseTwenty,cpu,1.2761774159989727,0.9495798319327732,0.9482608695652174,0.9495798319327732,21000,42
PigArtPressure,cpu,2.0652355829988664,0.9855769230769232,0.9848595848595848,0.9848595848595848,21000,42
Chinatown,cpu,0.077013165999233,0.9825072886297376,0.9784385214986172,0.9826711316014606,21000,42
SonyAIBORobotSurface1,cpu,0.4258065829999395,0.9201331114808652,0.919829253651704,0.9205273054213986,21000,42
SmoothSubspace,cpu,0.0314699580012529,0.96,0.9599966663333,0.9599966663333,21000,42
ItalyPowerDemand,cpu,0.2298722910018114,0.967930029154519,0.9679295445422992,0.967929908001464,21000,42
SmoothSubspace,cpu,0.0309104580010171,0.96,0.9599966663333,0.9599966663333,21000,42
Strawberry,cpu,1.8500368749992049,0.9756756756756756,0.9737172353372956,0.9757726281676746,21000,42
HandOutlines,mps,82.13956029199835,0.9486486486486486,0.9431574691732364,0.9481234053944788,22000,42
FordB,mps,35.70024750000084,0.8197530864197531,0.8196431294799451,0.8196871122558683,22000,42
NonInvasiveFetalECGThorax1,mps,48.86094262500046,0.9399491094147584,0.9352545461841888,0.938385367555758,22000,42
Rock,mps,4.366946499998448,0.92,0.9193970503181028,0.9202955465587044,22000,42
HouseTwenty,mps,6.12186812499931,0.9495798319327732,0.9482608695652174,0.9495798319327732,22000,42
PigArtPressure,mps,12.152915916998609,0.9855769230769232,0.9848595848595848,0.9848595848595848,22000,42
Chinatown,mps,0.012766541000019,0.9825072886297376,0.9784385214986172,0.9826711316014606,22000,42
SonyAIBORobotSurface1,mps,0.1316041669997503,0.9201331114808652,0.919829253651704,0.9205273054213986,22000,42
SmoothSubspace,mps,0.0078736249997746,0.96,0.9599966663333,0.9599966663333,22000,42
ItalyPowerDemand,mps,0.0292823329982638,0.967930029154519,0.9679295445422992,0.967929908001464,22000,42
SmoothSubspace,mps,0.0071728750008333,0.96,0.9599966663333,0.9599966663333,22000,42
Strawberry,mps,1.5281534160021693,0.9756756756756756,0.9737172353372956,0.9757726281676746,22000,42
HandOutlines,cpu,13.044551584000146,0.9486486486486486,0.9431574691732364,0.9481234053944788,22000,42
FordB,cpu,21.496878624999223,0.8197530864197531,0.8196431294799451,0.8196871122558683,22000,42
NonInvasiveFetalECGThorax1,cpu,27.47320183299962,0.9399491094147584,0.9352545461841888,0.938385367555758,22000,42
Rock,cpu,0.7983262919988192,0.92,0.9193970503181028,0.9202955465587044,22000,42
HouseTwenty,cpu,1.3002471670006344,0.9495798319327732,0.9482608695652174,0.9495798319327732,22000,42
PigArtPressure,cpu,2.0613135419989703,0.9855769230769232,0.9848595848595848,0.9848595848595848,22000,42
Chinatown,cpu,0.0776270419992215,0.9825072886297376,0.9784385214986172,0.9826711316014606,22000,42
SonyAIBORobotSurface1,cpu,0.4052039579983102,0.9201331114808652,0.919829253651704,0.9205273054213986,22000,42
SmoothSubspace,cpu,0.0304128749994561,0.96,0.9599966663333,0.9599966663333,22000,42
ItalyPowerDemand,cpu,0.2151303749997168,0.967930029154519,0.9679295445422992,0.967929908001464,22000,42
SmoothSubspace,cpu,0.0321201660008227,0.96,0.9599966663333,0.9599966663333,22000,42
Strawberry,cpu,1.832282999999734,0.9756756756756756,0.9737172353372956,0.9757726281676746,22000,42
HandOutlines,mps,82.44031520899807,0.9486486486486486,0.9431574691732364,0.9481234053944788,23000,42
FordB,mps,36.07529908300057,0.8197530864197531,0.8196431294799451,0.8196871122558683,23000,42
NonInvasiveFetalECGThorax1,mps,48.87637458300014,0.9399491094147584,0.9352545461841888,0.938385367555758,23000,42
Rock,mps,4.252510790996894,0.92,0.9193970503181028,0.9202955465587044,23000,42
HouseTwenty,mps,6.10867212499943,0.9495798319327732,0.9482608695652174,0.9495798319327732,23000,42
PigArtPressure,mps,12.15702012499969,0.9855769230769232,0.9848595848595848,0.9848595848595848,23000,42
Chinatown,mps,0.0131624999994528,0.9825072886297376,0.9784385214986172,0.9826711316014606,23000,42
SonyAIBORobotSurface1,mps,0.1333295000004,0.9201331114808652,0.919829253651704,0.9205273054213986,23000,42
SmoothSubspace,mps,0.0076914999990549,0.96,0.9599966663333,0.9599966663333,23000,42
ItalyPowerDemand,mps,0.0317695420017116,0.967930029154519,0.9679295445422992,0.967929908001464,23000,42
SmoothSubspace,mps,0.0074673749986686,0.96,0.9599966663333,0.9599966663333,23000,42
Strawberry,mps,1.512563707998197,0.9756756756756756,0.9737172353372956,0.9757726281676746,23000,42
HandOutlines,cpu,14.04362229200342,0.9486486486486486,0.9431574691732364,0.9481234053944788,23000,42
FordB,cpu,20.779258625003425,0.8197530864197531,0.8196431294799451,0.8196871122558683,23000,42
NonInvasiveFetalECGThorax1,cpu,26.417906832997687,0.9399491094147584,0.9352545461841888,0.938385367555758,23000,42
Rock,cpu,0.8144225840005674,0.92,0.9193970503181028,0.9202955465587044,23000,42
HouseTwenty,cpu,1.3813132089999272,0.9495798319327732,0.9482608695652174,0.9495798319327732,23000,42
PigArtPressure,cpu,2.084236916998634,0.9855769230769232,0.9848595848595848,0.9848595848595848,23000,42
Chinatown,cpu,0.0888889580019167,0.9825072886297376,0.9784385214986172,0.9826711316014606,23000,42
SonyAIBORobotSurface1,cpu,0.4208165839991125,0.9201331114808652,0.919829253651704,0.9205273054213986,23000,42
SmoothSubspace,cpu,0.0285130829979607,0.96,0.9599966663333,0.9599966663333,23000,42
ItalyPowerDemand,cpu,0.2229483749979408,0.967930029154519,0.9679295445422992,0.967929908001464,23000,42
SmoothSubspace,cpu,0.0296774999987974,0.96,0.9599966663333,0.9599966663333,23000,42
Strawberry,cpu,1.776325540999096,0.9756756756756756,0.9737172353372956,0.9757726281676746,23000,42
